inlf,hours,kidslt6,kidsge6,age,educ,wage,hushrs,husage,huseduc,huswage,faminc,mtr,motheduc,fatheduc,unem,city,lwage
1,1610,1,0,32,12,3.35400009155273,2708,34,12,4.02880001068115,16310,0.721499979496002,12,7,5.0,0,1.2101536989212
1,1656,0,2,30,12,1.3889000415802,2310,30,9,8.44159984588623,21800,0.661499977111816,7,7,11.0,1,0.328512102365494
1,1980,1,3,35,12,4.54549980163574,3072,40,12,3.5806999206543,21040,0.691500008106232,12,7,5.0,0,1.51413774490356
1,456,0,3,34,12,1.09650003910065,1920,53,10,3.54169988632202,7300,0.781499981880188,7,7,5.0,0,0.0921233221888542
1,1568,1,2,31,14,4.59180021286011,2000,32,12,10.0,27300,0.621500015258789,12,14,9.5,1,1.52427220344543
1,2032,0,0,54,12,4.74209976196289,1040,57,11,6.71059989929199,19495,0.691500008106232,14,7,7.5,1,1.55648005008698
1,1440,0,2,37,16,8.33329963684082,2670,37,12,3.42770004272461,21152,0.691500008106232,14,7,5.0,0,2.12025952339172
1,1020,0,0,54,12,7.84310007095337,4120,53,8,2.54850006103516,18900,0.691500008106232,3,3,5.0,0,2.0596342086792
1,1458,0,2,48,12,2.12619996070862,1995,52,4,4.22060012817383,20405,0.751500010490417,7,7,3.0,0,0.754336357116699
1,1600,0,2,39,12,4.6875,2100,43,12,5.71430015563965,20425,0.691500008106232,7,7,5.0,0,1.54489934444427
1,1969,0,1,33,12,4.06300020217896,2450,34,12,9.79590034484863,32300,0.581499993801117,12,3,5.0,0,1.4019216299057
1,1960,0,1,42,11,4.59180021286011,2375,47,14,8.0,28700,0.621500015258789,14,7,5.0,0,1.52427220344543
1,240,1,2,30,12,2.08330011367798,2830,33,16,5.30039978027344,15500,0.721499979496002,16,16,5.0,0,0.733953237533569
1,997,0,2,43,12,2.26679992675781,3317,46,12,4.34130001068115,16860,0.721499979496002,10,10,7.5,1,0.818369090557098
1,1848,0,1,43,10,3.67969989776611,2024,45,17,10.8699998855591,31431,0.581499993801117,7,7,7.5,1,1.30283117294312
1,1224,0,3,35,11,1.34720003604889,1694,38,12,9.14990043640137,19180,0.721499979496002,16,10,7.5,1,0.298028379678726
1,1400,0,2,43,12,3.21429991722107,2156,45,12,6.12239980697632,18600,0.691500008106232,10,7,7.5,1,1.16760957241058
1,640,0,5,39,12,5.17500019073486,2250,40,12,6.14979982376099,19151,0.721499979496002,12,12,7.5,1,1.64383935928345
1,2000,0,0,45,12,2.0,2024,51,11,6.91699981689453,18100,0.691500008106232,7,7,5.0,1,0.6931471824646
1,1324,0,4,35,12,7.5528998374939,2123,40,10,4.71029996871948,20300,0.691500008106232,12,7,5.0,0,2.02193164825439
1,2215,0,2,42,16,3.50519990921021,4160,48,16,3.13100004196167,30419,0.621500015258789,10,16,7.5,0,1.25424754619598
1,1680,0,0,30,12,3.57139992713928,2000,35,12,4.0,14090,0.721499979496002,12,10,3.0,0,1.27295768260956
1,1600,0,0,48,13,3.25,2420,52,17,7.22270011901855,22679,0.661499977111816,7,3,5.0,1,1.1786550283432
1,800,0,0,45,12,3.25,1150,53,17,7.96519994735718,12160,0.721499979496002,7,7,11.0,0,1.1786550283432
1,1955,1,1,31,12,2.15450000762939,2024,31,12,4.08839988708496,12487,0.751500010490417,12,7,5.0,1,0.767558693885803
1,660,0,2,43,17,3.7878999710083,1904,43,17,14.1809997558594,29850,0.581499993801117,16,14,9.5,1,1.33181178569794
1,525,0,0,59,12,4.0,2448,53,16,6.5359001159668,18100,0.691500008106232,3,7,9.5,1,1.3862943649292
1,1904,0,3,32,12,4.72690010070801,2000,33,13,8.5,26000,0.661499977111816,3,7,11.0,1,1.55326962471008
1,1516,1,0,31,17,7.25589990615845,2390,30,17,6.27619981765747,26100,0.621500015258789,12,12,5.0,0,1.98181486129761
1,346,0,0,42,12,5.86709976196289,1920,47,10,5.20830011367798,17730,0.721499979496002,12,12,9.5,0,1.76936042308807
1,1040,0,0,50,11,1.53849995136261,1840,53,10,2.7820999622345,6719,0.751500010490417,7,7,7.5,1,0.430807888507843
1,732,0,0,59,16,2.45900011062622,3360,57,17,4.91069984436035,18550,0.691500008106232,3,3,14.0,1,0.899754822254181
1,1880,0,2,36,13,5.85109996795654,2284,35,13,5.8668999671936,24600,0.661499977111816,12,10,7.5,0,1.76662969589233
1,1680,0,1,51,12,3.57139992713928,1875,50,8,7.51999998092651,23100,0.691500008106232,7,14,5.0,1,1.27295768260956
1,2081,0,3,45,16,3.80679988861084,2140,47,17,7.54489994049072,24656,0.661499977111816,12,12,5.0,1,1.33678889274597
1,690,0,1,42,11,2.46379995346069,1896,44,8,5.53800010681152,15897,0.751500010490417,10,3,7.5,0,0.901704847812653
1,4210,0,0,46,12,2.37529993057251,1040,49,16,6.92309999465942,20320,0.691500008106232,3,3,11.0,1,0.865123689174652
1,2205,0,1,46,10,4.53509998321533,2200,52,12,5.0,21384,0.661499977111816,10,3,11.0,0,1.51184713840485
1,1952,0,0,51,14,5.61829996109009,1952,58,12,7.30639982223511,25561,0.621500015258789,7,7,14.0,0,1.72602915763855
1,1302,0,0,30,17,14.6309995651245,1560,30,17,11.2180004119873,36550,0.579999983310699,14,17,5.0,1,2.68314242362976
1,112,1,2,30,12,2.67860007286072,4030,33,16,3.84619998931885,15810,0.721499979496002,12,12,3.0,0,0.985294282436371
1,893,0,0,57,12,3.91939997673035,2570,58,12,5.83659982681274,25500,0.621500015258789,9,9,7.5,1,1.36593854427338
1,583,1,2,31,16,2.57290005683899,1530,34,16,13.7250003814697,24000,0.661499977111816,14,16,9.5,1,0.945033669471741
1,480,0,2,48,12,4.53749990463257,3149,48,8,6.34929990768433,22172,0.661499977111816,3,3,5.0,0,1.51237618923187
1,1900,0,3,30,12,2.0,2690,32,12,5.25279998779297,17930,0.721499979496002,12,7,5.0,0,0.6931471824646
1,576,0,2,34,12,3.4721999168396,3096,33,12,1.30750000476837,7000,0.781499981880188,12,7,3.0,0,1.24478840827942
1,2056,0,2,48,16,2.01609992980957,2552,53,16,2.79979991912842,25300,0.721499979496002,14,16,5.0,1,0.701164901256561
1,1984,0,0,45,12,4.57159996032715,2040,47,11,2.69609999656677,16212,0.721499979496002,10,10,11.0,0,1.5198632478714
1,2640,0,0,51,12,2.27270007133484,2180,50,13,7.56879997253418,22650,0.661499977111816,7,7,3.0,0,0.820968568325043
1,240,0,2,30,12,2.63750004768372,1864,37,12,3.4077000617981,6985,0.781499981880188,12,7,14.0,0,0.969831526279449
1,1173,0,1,46,12,2.28990006446838,2068,46,12,6.54010009765625,30000,0.691500008106232,7,7,11.0,1,0.828508198261261
1,3640,0,0,58,12,1.09889996051788,2010,58,12,7.21390008926392,18500,0.691500008106232,7,3,9.5,1,0.0943096429109573
1,340,0,8,37,12,1.1764999628067,2152,40,10,6.27320003509521,16658,0.751500010490417,12,7,5.0,0,0.162543892860413
1,500,0,0,52,8,1.60000002384186,1496,54,11,5.88240003585815,10300,0.751500010490417,7,7,5.0,1,0.470003634691238
1,1599,0,0,52,10,1.87619996070862,2100,47,4,3.80949997901917,11000,0.751500010490417,7,3,7.5,0,0.629248440265656
1,1830,0,0,31,16,4.04370021820068,1960,35,14,6.37760019302368,19900,0.691500008106232,12,12,7.5,1,1.39716017246246
1,1920,0,0,55,14,9.63539981842041,1985,55,15,6.04530000686646,32500,0.639999985694885,7,7,14.0,1,2.26544380187988
1,2052,0,0,34,17,8.04090023040771,2020,33,17,8.81190013885498,37300,0.579999983310699,17,17,7.5,1,2.0845410823822
1,2312,0,0,55,14,4.59899997711182,2178,56,16,8.87650012969971,30018,0.581499993801117,17,7,11.0,1,1.52583885192871
1,196,0,2,39,12,2.14289999008179,3684,39,12,3.34200000762939,12807,0.751500010490417,12,7,14.0,1,0.762160062789917
1,2500,0,3,40,14,4.40000009536743,5010,42,13,3.18359994888306,39500,0.551500022411346,14,3,7.5,0,1.48160457611084
1,1980,0,4,43,12,3.53539991378784,1880,47,12,6.9148998260498,22050,0.691500008106232,12,12,9.5,1,1.26282644271851
1,1840,0,0,48,8,2.71740007400513,1904,56,8,5.51469993591309,15500,0.721499979496002,7,7,14.0,1,0.999675571918488
1,320,0,0,47,12,6.25,2083,47,12,5.28079986572266,13810,0.721499979496002,7,7,9.5,1,1.83258152008057
1,419,0,4,41,12,11.9329996109009,2125,44,12,3.20000004768372,11950,0.751500010490417,7,7,5.0,1,2.47930765151978
1,1880,0,0,36,8,3.59310007095337,1985,37,12,5.87909984588623,19175,0.691500008106232,12,12,7.5,0,1.27901530265808
1,72,0,2,46,17,6.9443998336792,2640,48,17,6.25,17900,0.691500008106232,12,16,7.5,0,1.93793559074402
1,120,0,0,34,12,2.91669988632202,2070,51,8,7.48789978027344,15850,0.721499979496002,12,7,5.0,1,1.0704528093338
1,1885,0,3,41,12,3.07690000534058,2107,48,8,6.97669982910156,27017,0.691500008106232,7,7,5.0,1,1.12392258644104
1,240,0,1,51,12,3.75,2250,54,10,8.0,18900,0.691500008106232,12,7,5.0,0,1.32175588607788
1,1729,0,0,33,12,5.72590017318726,2880,34,16,4.1318998336792,21800,0.691500008106232,12,12,7.5,1,1.74499976634979
1,1850,0,0,52,12,3.67569994926453,1848,53,12,14.4759998321533,33552,0.551500022411346,10,10,7.5,1,1.30174362659454
1,2033,0,0,58,9,5.16480016708374,1927,53,7,5.73430013656616,22650,0.661499977111816,7,9,7.5,1,1.64186644554138
1,608,2,4,34,10,8.22369956970215,1304,38,9,3.37420010566711,15200,0.791499972343445,0,0,7.5,1,2.10702013969421
1,1153,0,1,31,12,4.33650016784668,3000,35,12,1.83329999446869,13120,0.721499979496002,7,10,7.5,1,1.46706759929657
1,2208,0,1,48,12,4.98190021514893,1892,52,12,5.60249996185303,21660,0.661499977111816,12,14,5.0,1,1.60581135749817
1,252,0,2,32,12,0.357100009918213,3644,32,12,4.2975001335144,18190,0.721499979496002,7,7,3.0,0,-1.02973937988281
1,337,0,0,49,17,2.96740007400513,1430,47,17,3.916100025177,9600,0.751500010490417,3,3,14.0,1,1.08768618106842
1,90,2,2,32,15,1.0,2350,31,14,4.8786997795105,13755,0.751500010490417,10,12,7.5,1,0.0
1,1174,0,0,58,12,2.55539989471436,1948,59,16,9.24020004272461,35350,0.661499977111816,7,12,7.5,1,0.938208699226379
1,372,0,0,50,6,0.860199987888336,1804,42,12,6.65189981460571,12405,0.721499979496002,12,7,7.5,1,-0.150590375065804
1,30,0,0,60,14,1.0,2326,51,12,4.62169981002808,12180,0.751500010490417,12,17,9.5,0,0.0
1,1800,0,1,50,12,2.92610001564026,1739,55,11,9.97410011291504,22962,0.661499977111816,7,3,7.5,1,1.07367050647736
1,282,0,0,56,14,3.54609990119934,1176,57,17,20.9179992675781,25700,0.621500015258789,7,7,9.5,1,1.26584839820862
1,720,0,0,51,9,1.62639999389648,1100,55,8,1.94000005722046,3305,0.791499972343445,7,7,3.0,0,0.486368983983994
1,1440,0,1,54,17,8.33329963684082,1528,58,17,8.8351001739502,32950,0.581499993801117,7,12,5.0,1,2.12025952339172
1,2100,0,0,59,13,3.0952000617981,2250,52,15,4.66669988632202,17000,0.691500008106232,7,7,5.0,1,1.12985253334045
1,1000,0,2,46,9,2.70000004768372,1927,47,10,5.18940019607544,13250,0.751500010490417,7,7,5.0,1,0.993251800537109
1,952,0,1,46,15,5.25209999084473,2414,47,16,18.7240009307861,50750,0.441500008106232,7,12,5.0,1,1.65862798690796
1,1413,1,3,39,12,1.41540002822876,768,49,8,10.4169998168945,15632,0.771499991416931,10,10,14.0,0,0.347412198781967
1,2100,0,2,44,12,4.79860019683838,1984,43,14,8.84580039978027,28316,0.621500015258789,7,0,11.0,1,1.56832420825958
1,120,2,0,33,12,1.66670000553131,2246,36,12,7.56899976730347,17290,0.721499979496002,12,12,9.5,1,0.510845601558685
1,3000,1,2,33,12,1.12170004844666,3024,30,17,4.45069980621338,33600,0.621500015258789,10,10,7.5,1,0.114845432341099
1,1000,0,2,48,12,0.5,2921,52,12,9.32040023803711,29200,0.621500015258789,12,7,9.0,1,-0.6931471824646
1,336,0,4,31,12,0.714299976825714,2045,37,17,9.16870021820068,19870,0.691500008106232,7,7,11.0,0,-0.336452275514603
1,1216,0,1,45,12,2.79609990119934,1928,44,12,6.48339986801147,16225,0.721499979496002,7,7,11.0,0,1.02822554111481
1,988,0,1,45,12,4.85830020904541,1920,44,10,7.8125,28600,0.691500008106232,7,3,5.0,1,1.58068859577179
1,2581,0,2,32,13,1.74349999427795,2280,37,17,11.4040002822876,30800,0.581499993801117,14,12,7.5,1,0.555894613265991
1,2030,0,0,47,12,2.46309995651245,2300,47,17,5.08699989318848,25700,0.691500008106232,7,7,3.0,0,0.901420712471008
1,413,0,2,34,13,2.42129993438721,2480,35,13,6.97580003738403,27000,0.621500015258789,12,12,3.0,0,0.884304583072662
1,782,0,1,37,12,1.53450000286102,1135,34,10,5.28630018234253,12077,0.771499991416931,12,7,9.5,1,0.428204596042633
1,1388,0,1,36,12,2.88179993629456,1384,39,12,11.5620002746582,29612,0.661499977111816,7,7,11.0,0,1.05841505527496
1,1450,1,2,47,12,2.40689992904663,1848,50,14,8.60610008239746,24479,0.691500008106232,7,10,9.5,1,0.87833958864212
1,1720,0,1,48,16,5.23260021209717,2499,46,17,12.8050003051758,79750,0.441500008106232,14,14,7.5,1,1.65490829944611
1,800,0,2,42,12,3.75,2390,43,12,6.69460010528564,20050,0.691500008106232,12,7,11.0,0,1.32175588607788
1,360,0,3,33,13,1.3889000415802,2400,44,14,8.33329963684082,21500,0.691500008106232,10,12,11.0,1,0.328512102365494
1,2000,0,0,46,11,4.0,1920,53,8,4.16669988632202,16120,0.691500008106232,7,7,5.0,0,1.3862943649292
1,1176,0,3,47,12,3.23130011558533,2301,48,13,5.47590017318726,24686,0.721499979496002,7,7,9.5,0,1.17288458347321
1,2058,0,1,44,12,3.40140008926392,1944,43,10,5.14400005340576,24669,0.691500008106232,7,10,9.5,1,1.22418713569641
1,900,0,4,36,12,1.33329999446869,2100,37,17,11.6669998168945,26400,0.661499977111816,7,7,7.5,1,0.287657082080841
1,215,2,0,31,17,9.30230045318604,1920,32,16,7.29169988632202,16245,0.721499979496002,12,12,7.5,1,2.23026180267334
1,2000,0,0,55,14,4.5,2880,55,14,4.86110019683838,23300,0.661499977111816,7,7,9.5,1,1.50407743453979
1,757,0,1,45,16,4.62349987030029,1932,48,16,12.1639995574951,27200,0.621500015258789,12,7,9.5,1,1.53115200996399
1,1264,0,0,47,17,3.9556999206543,3234,48,17,10.8229999542236,51000,0.461499989032745,10,17,9.5,1,1.37515759468079
1,2064,0,3,46,12,5.81400012969971,2805,47,12,12.4779996871948,55000,0.461499989032745,10,7,14.0,1,1.76026880741119
1,1280,0,0,49,11,0.5,2272,52,9,6.16200017929077,15389,0.721499979496002,7,7,7.5,1,-0.6931471824646
1,1715,0,0,49,12,4.08160018920898,2227,52,14,7.18459987640381,23150,0.661499977111816,7,7,9.5,1,1.40648913383484
1,2000,0,2,45,12,6.0,1720,49,6,7.09299993515015,29774,0.621500015258789,7,10,14.0,1,1.7917594909668
1,12,1,3,38,17,3.66669988632202,2300,38,13,17.826000213623,91044,0.441500008106232,12,10,14.0,1,1.29929208755493
1,1528,0,0,47,10,3.86129999160767,3410,50,12,6.39300012588501,28200,0.581499993801117,7,12,14.0,1,1.35100388526917
1,561,0,3,54,13,2.76290011405945,2304,57,16,11.7189998626709,36150,0.551500022411346,7,7,9.5,1,1.01628088951111
1,2058,0,0,41,11,2.93099999427795,1984,42,12,4.78830003738403,15652,0.721499979496002,12,12,7.5,0,1.0753436088562
1,1823,0,2,43,12,4.38840007781982,1890,33,14,4.23280000686646,18900,0.751500010490417,14,7,11.0,0,1.47896468639374
1,1680,1,1,31,16,5.41669988632202,1970,32,12,7.10659980773926,23600,0.661499977111816,12,10,7.5,0,1.68948674201965
1,1440,0,0,47,17,9.86110019683838,2400,46,12,8.33329963684082,36200,0.610000014305115,7,7,7.5,1,2.28859782218933
1,4950,0,2,35,12,0.16159999370575,2504,37,12,6.98880004882812,18700,0.691500008106232,10,10,7.5,0,-1.82263112068176
1,1176,0,3,45,16,0.382600009441376,2398,48,17,9.59130001068115,24125,0.661499977111816,7,7,11.0,1,-0.960765182971954
1,1100,1,0,33,12,3.63639998435974,1960,39,12,6.02040004730225,15800,0.721499979496002,7,7,7.5,0,1.29099416732788
1,1516,0,1,54,16,2.37470006942749,2550,55,12,2.96860003471375,19742,0.721499979496002,12,7,3.0,0,0.864871144294739
1,900,0,4,35,8,4.66669988632202,2500,41,12,7.0,22600,0.691500008106232,10,7,9.5,0,1.54045212268829
1,1080,1,2,31,12,1.85189998149872,2164,37,10,7.16270017623901,17500,0.721499979496002,7,7,7.5,0,0.616212129592896
1,480,0,0,55,12,5.19999980926514,2640,60,12,4.73640012741089,19820,0.691500008106232,7,7,7.5,0,1.64865863323212
1,288,0,2,34,12,3.2985999584198,1936,36,12,8.7810001373291,20155,0.691500008106232,12,16,11.0,1,1.19349813461304
1,1875,0,1,38,13,8.53330039978027,2136,41,12,9.83150005340576,37300,0.579999983310699,10,12,7.5,1,2.14397621154785
1,630,0,1,45,11,2.06349992752075,1955,51,10,6.6496000289917,24860,0.721499979496002,7,7,7.5,1,0.724403560161591
1,234,0,1,47,12,2.56410002708435,1980,48,10,9.84850025177002,21450,0.661499977111816,12,3,7.5,1,0.941607534885406
1,1600,0,2,39,12,2.1875,2550,42,11,9.80389976501465,29650,0.621500015258789,7,7,5.0,1,0.782759368419647
1,960,1,0,36,14,6.25,2058,37,13,8.26039981842041,23000,0.661499977111816,7,7,11.0,1,1.83258152008057
1,120,1,2,33,12,3.33330011367798,2263,32,14,9.06760025024414,21120,0.691500008106232,7,7,9.0,1,1.20396280288696
1,2025,0,0,50,12,4.4443998336792,1763,54,13,8.50819969177246,26000,0.621500015258789,7,12,5.0,1,1.49164485931396
1,1809,0,0,58,12,6.63350009918213,2096,59,14,7.1564998626709,28000,0.621500015258789,3,7,7.5,1,1.89213263988495
1,3087,0,0,49,17,8.42240047454834,2059,47,13,7.0423002243042,45500,0.519999980926514,12,12,11.0,1,2.13089489936829
1,910,0,2,41,14,4.39559984207153,1820,40,17,6.59340000152588,16000,0.721499979496002,16,12,14.0,1,1.48060405254364
1,1840,0,1,51,12,2.44569993019104,2832,53,8,4.34569978713989,18232,0.691500008106232,7,14,11.0,0,0.894331336021423
1,784,0,0,53,9,1.22449994087219,1990,60,10,7.23619985580444,28160,0.721499979496002,3,7,14.0,1,0.202532544732094
1,400,1,2,36,12,1.625,2000,40,7,1.74000000953674,5965,0.801500022411346,12,7,11.0,1,0.485507816076279
1,1000,0,2,46,12,3.0,1885,46,12,6.89659976959229,19000,0.721499979496002,7,7,9.5,1,1.0986123085022
1,1904,0,2,36,12,4.72690010070801,2860,37,12,5.04549980163574,36872,0.551500022411346,12,12,11.0,1,1.55326962471008
1,1771,0,1,53,14,1.12929999828339,1913,48,16,17.25,42000,0.491499990224838,12,12,14.0,1,0.121597968041897
1,1486,0,3,40,16,7.40240001678467,1800,54,16,8.33329963684082,26900,0.621500015258789,16,14,11.0,1,2.00180435180664
1,740,0,2,42,17,4.45949983596802,2880,45,16,9.375,30800,0.581499993801117,12,10,9.0,0,1.49503660202026
1,1820,1,1,33,15,2.47250008583069,1993,32,16,8.2790002822876,21520,0.691500008106232,12,12,11.0,1,0.905229806900024
1,1275,0,3,43,12,1.88240003585815,2250,47,14,4.5,24795,0.691500008106232,7,7,7.5,1,0.632547557353973
1,450,1,0,31,16,4.0,2286,30,16,4.19950008392334,12900,0.721499979496002,14,16,14.0,1,1.3862943649292
1,1221,0,0,47,17,8.1899995803833,1880,47,16,16.0639991760254,42700,0.491499990224838,7,7,7.5,1,2.10291385650635
1,1550,0,0,54,17,7.09679985046387,2350,58,17,11.2770004272461,38800,0.521499991416931,10,17,11.0,1,1.95964395999908
1,180,1,3,33,12,1.66670000553131,3640,33,11,0.549399971961975,2500,0.941500008106232,7,3,3.0,0,0.510845601558685
1,2090,0,0,43,16,3.4449999332428,1770,47,14,9.54800033569336,26921,0.621500015258789,14,10,11.0,1,1.23692393302917
1,1960,0,1,46,13,4.23470020294189,1875,49,13,5.33330011367798,18300,0.691500008106232,7,9,3.0,0,1.44331252574921
1,1440,0,3,35,12,2.7778000831604,2200,38,9,5.45450019836426,17200,0.721499979496002,7,7,14.0,1,1.02165925502777
1,794,0,3,37,11,1.88919997215271,2033,39,12,5.90259981155396,14209,0.751500010490417,12,3,9.5,1,0.63615345954895
1,993,0,2,37,16,5.03520011901855,2739,39,17,9.85760021209717,32300,0.581499993801117,12,16,14.0,1,1.61645328998566
1,160,0,3,34,14,1.25,1626,38,14,11.6850004196167,21400,0.721499979496002,17,12,7.5,1,0.223143547773361
1,105,1,0,43,16,2.85710000991821,2248,44,17,6.22779989242554,14700,0.721499979496002,7,7,9.5,0,1.04980707168579
1,1200,0,0,46,12,4.11670017242432,2140,48,12,9.17479991912842,25516,0.621500015258789,7,7,9.5,1,1.41505193710327
1,450,0,3,35,9,1.77779996395111,1985,42,12,6.29720020294189,13300,0.751500010490417,3,7,5.0,1,0.575376629829407
1,996,0,0,46,17,13.5539999008179,1528,59,17,10.4709997177124,31000,0.581499993801117,12,12,9.5,1,2.60668158531189
1,1052,0,0,46,14,4.56269979476929,1920,48,16,14.5830001831055,48800,0.491499990224838,7,3,11.0,1,1.51791453361511
1,1128,0,2,43,12,2.12770009040833,1918,46,10,6.21430015563965,15519,0.721499979496002,7,7,14.0,1,0.755041599273682
1,1840,0,0,30,12,2.98909997940063,2112,30,12,6.62879991531372,19500,0.691500008106232,7,7,7.5,0,1.09497237205505
1,1910,0,2,41,11,2.56539988517761,2144,46,9,3.82459998130798,14545,0.721499979496002,3,7,5.0,0,0.942114353179932
1,980,0,1,54,12,5.6121997833252,1920,54,15,7.8125,22897,0.691500008106232,7,7,14.0,1,1.72494280338287
1,2317,0,1,31,12,2.80539989471436,2241,41,9,3.48060011863708,14300,0.721499979496002,10,10,7.5,1,1.03154611587524
1,1089,0,0,44,10,1.60699999332428,880,47,11,5.55000019073486,14884,0.751500010490417,10,10,9.5,1,0.474369078874588
1,800,0,1,32,12,2.25,2070,31,16,11.5939998626709,27400,0.621500015258789,12,7,11.0,1,0.810930192470551
1,1230,0,0,47,5,2.03250002861023,1050,53,5,9.52379989624023,16400,0.721499979496002,7,12,14.0,1,0.709266602993011
1,1158,0,1,46,17,5.53200006484985,2635,57,17,7.28049993515015,25704,0.621500015258789,14,17,7.5,0,1.71054947376251
1,2272,0,0,37,11,1.58449995517731,3000,47,8,3.0,12800,0.721499979496002,10,10,7.5,0,0.460268884897232
1,528,0,2,51,12,3.7878999710083,2500,50,11,10.3999996185303,40000,0.621500015258789,7,7,7.5,0,1.33181178569794
1,1000,0,1,49,12,3.0,1990,49,12,10.0500001907349,47000,0.661499977111816,7,7,14.0,1,1.0986123085022
1,520,0,4,36,14,8.65380001068115,2390,37,13,8.78660011291504,25872,0.661499977111816,10,12,9.5,1,2.15799856185913
1,760,0,1,39,11,4.21049976348877,1430,44,12,10.1400003433228,26868,0.691500008106232,12,7,9.5,1,1.43758130073547
1,1920,0,2,48,12,4.6875,1800,50,8,5.0,18000,0.691500008106232,12,12,9.5,1,1.54489934444427
1,1220,0,2,38,14,4.0984001159668,2103,43,17,11.8879995346069,30200,0.581499993801117,7,7,5.0,1,1.41059672832489
1,200,0,2,40,12,25.0,1350,42,12,13.3330001831055,26220,0.661499977111816,7,7,7.5,1,3.21887588500977
1,2480,1,5,39,10,2.6331000328064,2880,36,17,8.6806001663208,40500,0.581499993801117,7,7,3.0,0,0.968161880970001
1,2750,0,0,37,16,6.0,2400,43,17,7.29169988632202,33570,0.610000014305115,12,7,7.5,1,1.7917594909668
1,2014,0,1,49,13,5.41260004043579,1135,47,12,3.52419996261597,16917,0.721499979496002,7,14,14.0,1,1.68872952461243
1,1355,0,3,33,12,0.664200007915497,2750,35,17,6.18179988861084,18000,0.721499979496002,12,7,9.5,0,-0.409171968698502
1,80,0,0,30,12,1.25,2085,32,16,2.97550010681152,8337,0.751500010490417,12,12,11.0,1,0.223143547773361
1,1670,0,0,54,12,2.27539992332458,2600,56,8,4.57690000534058,17100,0.721499979496002,12,7,9.5,0,0.822155833244324
1,520,0,4,39,11,3.4614999294281,3542,40,12,3.10560011863708,17800,0.751500010490417,10,7,11.0,0,1.24170196056366
1,288,0,3,43,12,4.16669988632202,1975,43,12,5.82280015945435,13740,0.751500010490417,12,12,14.0,1,1.42712438106537
1,2014,0,3,31,9,4.46869993209839,2400,32,12,7.5,27000,0.621500015258789,10,3,9.5,1,1.49709749221802
1,800,0,3,33,13,1.75,3000,37,14,8.33329963684082,32600,0.621500015258789,12,7,7.5,1,0.559615790843964
1,1984,0,3,40,12,3.66939997673035,1960,39,14,9.23470020294189,28030,0.661499977111816,12,12,14.0,1,1.30002820491791
1,1823,0,1,36,12,6.58260011672974,2000,39,9,5.5,23100,0.661499977111816,12,12,3.0,0,1.88442981243134
1,1500,0,0,51,12,2.59999990463257,3000,51,12,6.0,24580,0.661499977111816,7,7,9.5,1,0.955511391162872
1,2261,0,1,44,13,4.86509990692139,2400,43,12,6.66669988632202,29000,0.621500015258789,12,7,9.5,1,1.58208727836609
1,1728,0,3,42,16,5.78700017929077,2450,48,14,13.0609998703003,42430,0.521499991416931,12,14,9.5,1,1.7556140422821
1,1960,0,1,40,12,4.54080009460449,2423,40,8,12.793999671936,41800,0.521499991416931,12,12,7.5,1,1.51310324668884
1,1578,1,1,34,16,9.50570011138916,2000,33,16,12.0,39100,0.579999983310699,12,17,9.5,1,2.25189161300659
1,1316,0,0,30,17,10.6379995346069,2526,41,16,6.73000001907349,31800,0.581499993801117,16,17,11.0,1,2.3644323348999
1,1530,0,0,54,12,1.1110999584198,2695,53,12,6.67899990081787,22200,0.691500008106232,7,7,14.0,0,0.105350479483604
1,2220,0,0,51,12,4.05410003662109,2048,54,12,4.39449977874756,19500,0.691500008106232,16,7,3.0,0,1.39972877502441
1,1336,0,2,44,9,2.68709993362427,1920,46,11,4.6875,14027,0.751500010490417,7,10,11.0,0,0.988462507724762
1,1008,0,1,43,12,2.97620010375977,2338,42,9,7.69890022277832,21195,0.661499977111816,7,7,11.0,1,1.09064733982086
1,1944,0,1,34,12,3.17280006408691,2945,37,8,4.32870006561279,19013,0.691500008106232,10,7,7.5,0,1.15461444854736
1,2000,0,0,45,13,3.54999995231628,2047,52,12,6.74160003662109,20900,0.661499977111816,12,7,11.0,1,1.26694762706757
1,258,0,0,39,12,17.9069995880127,1668,47,7,9.35249996185303,26820,0.621500015258789,10,3,11.0,0,2.88519167900085
1,1785,0,0,50,12,3.41739988327026,175,48,10,9.14290046691895,12800,0.751500010490417,0,0,14.0,1,1.22888004779816
1,480,0,0,52,12,3.33330011367798,1798,53,12,2.64179992675781,7850,0.751500010490417,7,7,14.0,0,1.20396280288696
1,772,0,2,41,12,3.88599991798401,1222,45,12,7.36499977111816,18600,0.721499979496002,12,12,7.5,1,1.35738027095795
1,900,0,0,59,10,2.31110000610352,1820,59,7,1.40659999847412,5380,0.771499991416931,12,7,5.0,0,0.837723612785339
1,1428,0,0,52,12,1.71080005168915,1560,60,8,1.51919996738434,6114,0.771499991416931,10,7,14.0,0,0.536961138248444
1,210,0,0,46,16,2.1143000125885,2210,49,12,3.34389996528625,8234,0.751500010490417,12,12,14.0,0,0.748723804950714
1,239,1,5,41,12,9.9330997467041,2874,48,16,2.91059994697571,20646,0.721499979496002,3,7,11.0,1,2.29587268829346
1,1878,0,2,33,11,3.02769994735718,2499,35,8,4.38339996337891,16640,0.721499979496002,7,7,9.5,0,1.10780322551727
1,215,0,0,45,12,1.86049997806549,3088,38,12,4.20979976654053,13900,0.721499979496002,12,12,5.0,1,0.620845258235931
1,2340,1,2,36,10,0.128199994564056,2020,37,8,3.71289992332458,11500,0.781499981880188,10,7,7.5,0,-2.05416369438171
1,1960,0,1,48,12,6.63269996643066,1980,56,10,10.6059999465942,34000,0.551500022411346,7,7,14.0,1,1.89201200008392
1,532,0,1,47,12,5.63910007476807,1968,47,11,8.63819980621338,28700,0.661499977111816,7,3,11.0,1,1.72972452640533
1,394,0,0,45,12,1.59899997711182,2100,45,12,3.83669996261597,9563,0.751500010490417,7,7,7.5,0,0.469378411769867
1,675,0,2,37,12,2.66669988632202,2651,48,17,7.16709995269775,20960,0.691500008106232,7,7,7.5,0,0.98084169626236
1,1515,0,4,46,16,7.92080020904541,1918,49,14,8.86340045928955,38590,0.621500015258789,12,10,14.0,1,2.06949234008789
1,1030,0,3,43,17,5.33979988098145,2585,46,16,7.73689985275269,27900,0.661499977111816,12,12,5.0,1,1.67518818378448
1,1250,0,2,42,12,4.0,2250,46,17,9.17020034790039,25633,0.621500015258789,7,7,7.5,1,1.3862943649292
1,1158,1,2,34,17,6.04489994049072,2480,39,17,11.289999961853,35200,0.551500022411346,12,12,7.5,1,1.79921495914459
1,112,0,0,52,12,6.25,2924,53,12,6.32690000534058,29500,0.581499993801117,7,7,7.5,1,1.83258152008057
1,336,0,3,37,12,2.97620010375977,1896,52,9,4.7467999458313,10000,0.751500010490417,10,7,7.5,0,1.09064733982086
1,1984,0,1,37,12,4.23390007019043,2332,40,12,4.88850021362305,19800,0.691500008106232,10,7,5.0,0,1.44312357902527
1,716,0,0,52,8,3.49160003662109,3482,59,7,2.48420000076294,12900,0.721499979496002,7,7,5.0,0,1.25036013126373
1,1410,1,0,30,12,4.96449995040894,2106,30,14,8.54699993133545,26080,0.621500015258789,12,12,7.5,0,1.60231256484985
1,1300,0,1,31,13,2.76920008659363,1160,32,12,6.63789987564087,13066,0.751500010490417,17,7,11.0,1,1.01855850219727
1,1640,0,1,38,12,3.65849995613098,2040,46,12,3.18630003929138,12500,0.721499979496002,7,7,7.5,0,1.29705321788788
1,1202,0,3,43,12,5.39349985122681,2856,48,16,4.54659986495972,35600,0.581499993801117,7,7,9.0,1,1.68519449234009
1,489,0,1,49,8,0.6564000248909,950,51,8,12.7889995574951,19424,0.751500010490417,7,7,5.0,1,-0.420984894037247
1,2076,0,0,55,12,4.76879978179932,2068,58,10,6.52799987792969,26250,0.661499977111816,7,7,5.0,1,1.56209468841553
1,526,0,2,38,17,8.555100440979,1896,42,17,16.4029998779297,36525,0.551500022411346,12,14,9.5,1,2.14652752876282
1,1721,0,0,52,17,10.4589996337891,2000,56,16,7.0,34700,0.610000014305115,14,17,14.0,1,2.34746289253235
1,1327,0,0,48,12,2.63750004768372,288,51,11,13.5419998168945,8311,0.751500010490417,7,7,11.0,1,0.969831526279449
1,584,0,2,32,13,6.84929990768433,2160,33,12,6.71299982070923,28626,0.691500008106232,12,10,11.0,1,1.9241464138031
1,1376,0,1,32,12,5.08720016479492,3120,33,17,5.44869995117188,24400,0.661499977111816,7,7,5.0,1,1.62672758102417
1,1040,0,2,38,12,0.961499989032745,1944,41,17,6.68720006942749,14025,0.721499979496002,7,7,7.5,1,-0.0392607264220715
1,548,0,3,46,12,4.30660009384155,2046,47,12,9.09430027008057,21367,0.691500008106232,16,12,14.0,1,1.46014869213104
1,15,0,3,40,12,7.06669998168945,2005,42,9,6.53369998931885,14136,0.751500010490417,7,7,7.5,0,1.95539355278015
1,1980,0,4,31,9,2.52530002593994,2070,36,10,4.68599987030029,19900,0.751500010490417,10,7,5.0,1,0.926359891891479
1,1520,0,1,43,10,7.894700050354,3000,50,12,8.0,37000,0.521499991416931,12,9,9.5,1,2.06619167327881
1,1880,0,0,51,12,4.14890003204346,2640,51,12,4.05299997329712,18500,0.691500008106232,7,7,7.5,0,1.42284321784973
1,1260,1,0,30,16,8.17459964752197,2450,34,17,8.16329956054688,34550,0.551500022411346,16,14,5.0,1,2.10103178024292
1,1092,0,0,52,13,9.59710025787354,1000,53,15,16.5,49620,0.461499989032745,10,7,11.0,1,2.26146101951599
1,1587,1,5,30,8,2.01640009880066,2080,33,8,3.4614999294281,10400,0.781499981880188,3,3,7.5,0,0.70131379365921
1,156,0,0,51,16,7.6217999458313,2413,51,16,11.3610000610352,33000,0.551500022411346,16,16,11.0,1,2.03101253509521
1,1939,0,2,31,13,3.19749999046326,2570,31,12,3.89109992980957,16200,0.721499979496002,7,3,7.5,1,1.16236925125122
1,1250,0,4,34,12,1.60000002384186,2030,52,12,9.60589981079102,22660,0.691500008106232,12,16,7.5,1,0.470003634691238
1,610,0,0,49,11,4.0984001159668,4684,59,17,2.6686999797821,16000,0.721499979496002,7,7,7.5,1,1.41059672832489
1,270,1,3,35,13,1.4815000295639,2802,41,17,8.88650035858154,25780,0.661499977111816,7,16,9.5,1,0.393055111169815
1,660,1,0,53,12,3.63639998435974,2090,59,12,6.36359977722168,20675,0.721499979496002,7,12,7.5,1,1.29099416732788
1,1000,0,3,32,12,1.0,2053,46,16,17.7280006408691,40213,0.551500022411346,12,7,11.0,0,0.0
1,1920,0,3,38,10,2.60419988632202,1984,42,10,5.2923002243042,15500,0.721499979496002,12,7,7.5,1,0.95712548494339
1,200,0,0,54,12,1.75,2040,54,16,15.6859998703003,35207,0.581499993801117,7,12,9.5,1,0.559615790843964
1,1500,0,1,47,17,4.80000019073486,2794,58,8,5.24230003356934,35702,0.551500022411346,10,12,11.0,1,1.56861591339111
1,868,0,1,45,15,5.53000020980835,3290,47,14,3.03949999809265,17800,0.721499979496002,14,12,9.5,1,1.7101879119873
1,2318,0,1,47,16,4.0984001159668,1911,46,16,16.7450008392334,50900,0.491499990224838,16,16,5.0,1,1.41059672832489
1,2000,0,0,59,10,1.25,2000,60,12,3.75,17280,0.691500008106232,7,7,5.0,0,0.223143547773361
1,60,0,1,32,11,1.66670000553131,2580,31,12,5.81400012969971,15150,0.721499979496002,10,9,5.0,1,0.510845601558685
1,1715,0,1,45,12,3.79010009765625,2400,49,17,10.8330001831055,36200,0.581499993801117,7,7,7.5,1,1.33239245414734
1,550,0,4,40,12,2.36360001564026,1740,47,12,9.00290012359619,17465,0.721499979496002,14,12,5.0,1,0.860185861587524
1,1960,0,2,47,14,10.2040004730225,2500,50,12,6.53999996185303,45205,0.610000014305115,14,12,3.0,1,2.32277989387512
1,44,1,2,36,16,6.81820011138916,1840,37,17,5.97830009460449,14500,0.751500010490417,12,10,5.0,0,1.91959547996521
1,1920,0,0,56,14,7.21460008621216,2036,56,14,8.62479972839355,32011,0.581499993801117,7,7,7.5,0,1.97610676288605
1,2540,0,1,41,8,2.44840002059937,3536,43,11,4.83290004730225,35200,0.621500015258789,7,12,9.5,0,0.895434737205505
1,156,0,3,48,7,1.19869995117188,880,51,11,10.9090003967285,13579,0.751500010490417,3,7,11.0,0,0.18123759329319
1,780,1,2,36,12,1.64100003242493,2007,38,12,3.88639998435974,10455,0.751500010490417,7,7,11.0,0,0.495305836200714
1,3120,0,0,41,12,1.7820999622345,2632,44,13,8.45740032196045,32600,0.551500022411346,7,3,5.0,0,0.577792406082153
1,2040,0,0,41,14,2.94120001792908,2600,43,12,5.0,19150,0.691500008106232,7,10,11.0,1,1.07881772518158
1,1610,0,3,36,12,4.96890020370483,2156,36,13,7.42119979858398,24400,0.661499977111816,12,17,9.5,1,1.60319852828979
1,215,0,3,37,12,1.86049997806549,3625,41,12,4.49380016326904,21700,0.691500008106232,10,7,3.0,0,0.620845258235931
1,1120,0,0,38,12,8.03569984436035,2420,42,12,7.02519989013672,26201,0.621500015258789,7,3,9.5,1,2.08389401435852
1,846,0,2,43,14,3.97160005569458,2080,43,9,3.27880001068115,11920,0.751500010490417,3,3,7.5,1,1.37916910648346
1,3225,0,0,54,16,3.04159998893738,3443,59,17,1.28610002994537,16300,0.721499979496002,12,12,9.5,1,1.11238372325897
1,1376,0,1,38,12,2.90700006484985,2250,41,12,5.5556001663208,16500,0.721499979496002,7,7,5.0,1,1.06712162494659
1,980,1,0,30,12,3.06119990348816,2535,34,16,7.4951000213623,30000,0.581499993801117,12,7,11.0,1,1.11880695819855
1,1838,0,0,49,12,4.89659976959229,2352,48,15,22.1089992523193,62500,0.441500008106232,7,7,9.5,1,1.58854103088379
1,1494,0,1,45,13,4.01609992980957,3036,49,6,9.05799961090088,58500,0.441500008106232,10,10,9.5,1,1.3903112411499
1,450,0,0,51,13,5.5556001663208,2600,57,14,11.5380001068115,40900,0.521499991416931,7,7,9.5,1,1.71480643749237
1,1976,0,0,34,10,1.22269999980927,2223,39,7,6.04680013656616,16308,0.691500008106232,0,10,7.5,1,0.20106153190136
1,2012,0,2,34,12,2.68390011787415,2666,34,10,1.36530005931854,9300,0.751500010490417,7,7,7.5,1,0.987271010875702
1,561,0,1,41,12,2.67379999160767,2006,41,17,16.5499992370605,35700,0.551500022411346,10,9,7.5,1,0.98350065946579
1,1715,0,1,49,12,9.32940006256104,1710,49,17,8.77190017700195,35700,0.639999985694885,9,9,11.0,1,2.23317074775696
1,1912,0,0,32,12,3.13809990882874,1920,46,14,9.63539981842041,24500,0.661499977111816,12,12,5.0,1,1.14361751079559
1,3686,0,0,32,14,0.542599976062775,1647,39,14,6.67880010604858,13000,0.721499979496002,12,12,7.5,1,-0.611382901668549
1,1080,0,2,32,17,8.61110019683838,3080,35,15,7.57270002365112,52600,0.441500008106232,12,12,5.0,0,2.15305209159851
1,1799,0,0,47,10,3.6686999797821,1920,48,10,7.8125,25360,0.661499977111816,3,7,7.5,1,1.29983735084534
1,1984,0,1,39,9,2.31850004196167,2420,47,4,1.9835000038147,9400,0.751500010490417,9,9,7.5,0,0.840920448303223
1,1839,0,0,49,12,2.88199996948242,2205,53,15,9.52379989624023,26800,0.621500015258789,12,12,11.0,1,1.05848443508148
1,1579,0,3,37,12,3.16659998893738,3035,39,14,6.42500019073486,33040,0.661499977111816,12,7,7.5,1,1.15265846252441
1,96,0,0,59,16,3.64580011367798,2185,60,15,10.9840002059937,26350,0.621500015258789,14,12,7.5,1,1.29357588291168
1,1920,0,0,50,12,6.25,1880,56,12,12.7659997940063,39000,0.521499991416931,7,7,14.0,1,1.83258152008057
1,1688,0,1,32,17,10.2489995956421,1863,33,17,9.55449962615967,35100,0.610000014305115,12,12,9.5,1,2.32718014717102
1,1589,0,0,46,12,3.20959997177124,2456,48,16,5.49669981002808,22502,0.661499977111816,12,12,11.0,0,1.16614627838135
1,345,0,2,43,17,7.65220022201538,1847,46,17,9.76179981231689,21950,0.691500008106232,12,14,14.0,0,2.03499317169189
1,1521,0,3,37,11,1.97239995002747,2000,42,6,5.0,13000,0.751500010490417,7,7,7.5,0,0.679251074790955
1,1490,0,2,32,16,4.69799995422363,1856,35,14,5.99949979782104,18180,0.721499979496002,12,14,9.0,1,1.54713690280914
1,989,0,1,39,11,2.12339997291565,1880,43,14,6.9148998260498,20957,0.691500008106232,10,10,9.0,1,0.75301855802536
1,600,0,2,34,13,2.33330011367798,3020,35,12,4.96689987182617,13700,0.721499979496002,12,12,7.5,0,0.847283601760864
1,2646,0,1,39,11,2.38960003852844,2646,41,8,2.38960003852844,20000,0.691500008106232,7,7,5.0,1,0.871125996112823
1,2149,0,3,45,8,1.25639998912811,1640,48,9,4.51219987869263,12260,0.751500010490417,7,7,5.0,1,0.228250473737717
1,320,0,0,50,11,1.09379994869232,1950,54,11,9.23079967498779,24850,0.661499977111816,3,12,7.5,1,0.0896578282117844
1,1600,0,1,40,12,3.75,1920,39,12,11.4580001831055,29150,0.581499993801117,12,7,7.5,1,1.32175588607788
1,2419,0,1,30,10,3.30719995498657,2025,34,12,7.69929981231689,23591,0.661499977111816,7,7,11.0,1,1.19610190391541
1,2005,0,0,57,17,5.13520002365112,2470,56,17,4.18300008773804,24717,0.661499977111816,16,12,11.0,1,1.63611876964569
1,1960,0,1,39,12,6.63269996643066,1800,43,12,8.33329963684082,30455,0.621500015258789,12,12,9.0,1,1.89201200008392
1,2147,0,0,53,12,4.5644998550415,1920,56,8,5.10419988632202,19600,0.691500008106232,12,12,7.5,1,1.51830899715424
1,1207,0,1,48,17,11.8479995727539,2039,53,17,8.22710037231445,31875,0.639999985694885,7,12,5.0,1,2.47215914726257
1,2000,0,1,46,14,3.75,2570,48,16,5.66340017318726,24055,0.661499977111816,14,14,7.5,0,1.32175588607788
1,1260,0,0,47,12,4.36509990692139,1914,54,12,5.22200012207031,18795,0.721499979496002,7,10,7.5,0,1.47364103794098
1,90,0,1,43,12,3.93330001831055,1516,47,10,7.19000005722046,12198,0.751500010490417,7,7,7.5,0,1.36947882175446
1,1800,0,0,47,12,3.33330011367798,2520,47,16,13.9069995880127,52645,0.491499990224838,12,7,7.5,1,1.20396280288696
1,573,0,1,47,12,3.31590008735657,2327,48,12,6.01630020141602,16600,0.721499979496002,10,7,14.0,0,1.19872915744781
1,1825,0,0,47,12,3.56159996986389,2188,50,12,7.67819976806641,32590,0.621500015258789,7,7,7.5,1,1.27020990848541
1,75,0,0,46,12,1.60000002384186,1864,48,12,5.31120014190674,10020,0.751500010490417,3,7,7.5,1,0.470003634691238
1,1348,0,4,34,9,2.22550010681152,2183,33,10,4.12279987335205,12048,0.751500010490417,7,7,11.0,0,0.799981653690338
1,1880,0,0,48,10,4.78719997406006,1920,55,12,7.8125,39750,0.621500015258789,7,7,11.0,0,1.56594562530518
1,1240,0,1,30,12,5.80649995803833,1824,31,12,4.605299949646,15700,0.721499979496002,10,7,7.5,1,1.75897800922394
1,848,0,1,51,12,2.3585000038147,2878,54,12,3.97460007667542,24250,0.661499977111816,7,7,3.0,0,0.858025848865509
1,150,0,5,52,12,2.0,2390,54,16,15.0629997253418,43210,0.521499991416931,7,12,14.0,1,0.6931471824646
1,2000,0,2,37,12,1.89999997615814,3120,39,13,4.5064001083374,37100,0.621500015258789,12,12,5.0,0,0.641853868961334
1,1952,0,2,32,12,5.1230001449585,2040,33,12,5.88240003585815,23820,0.661499977111816,12,7,5.0,0,1.63374018669128
1,1456,0,2,36,17,5.49450016021729,2151,35,15,10.2279996871948,31600,0.581499993801117,12,14,5.0,1,1.70374763011932
1,1740,0,2,35,12,6.32180023193359,1976,37,14,6.57889986038208,24000,0.661499977111816,10,10,7.5,1,1.84400403499603
1,1400,0,0,45,17,7.14289999008179,2286,51,16,8.8144998550415,30750,0.581499993801117,14,12,5.0,0,1.96611881256104
1,2000,0,0,56,12,2.375,2032,60,10,2.95280003547668,11050,0.751500010490417,7,7,14.0,0,0.864997446537018
1,1750,0,2,40,10,2.54290008544922,1680,45,4,4.51730012893677,12239,0.751500010490417,7,7,14.0,0,0.933305203914642
1,1101,1,2,45,12,2.17980003356934,1560,49,14,5.1282000541687,12870,0.751500010490417,14,12,7.5,1,0.779233157634735
1,2000,0,2,32,12,2.59999990463257,2895,30,12,4.14510011672974,17200,0.721499979496002,10,7,7.5,0,0.955511391162872
1,1877,0,0,45,12,3.72939991950989,1820,50,8,8.79119968414307,23980,0.661499977111816,10,10,7.5,0,1.31624734401703
1,160,0,2,40,12,4.375,2450,44,12,7.3060998916626,18600,0.691500008106232,7,12,14.0,1,1.4759064912796
1,1886,0,1,38,12,4.44329977035522,1748,42,8,6.0068998336792,23920,0.691500008106232,7,10,9.5,1,1.49139726161957
1,1446,0,4,49,12,4.28770017623901,1020,45,12,8.33329963684082,16084,0.751500010490417,7,7,14.0,1,1.45575046539307
1,1500,0,1,47,16,1.66670000553131,2342,49,17,11.5290002822876,31100,0.581499993801117,14,14,11.0,1,0.510845601558685
1,860,0,0,52,13,3.2558000087738,2250,53,12,6.66669988632202,20460,0.661499977111816,7,7,11.0,1,1.18043804168701
1,1848,0,1,34,13,5.41130018234253,2880,40,16,8.6806001663208,36000,0.551500022411346,12,12,7.5,1,1.68848943710327
1,1678,0,2,44,12,2.20499992370605,2032,46,12,3.46799993515015,17302,0.721499979496002,14,12,3.0,0,0.790727496147156
1,160,0,3,36,16,4.0625,3120,42,16,3.0320999622345,16450,0.721499979496002,14,7,3.0,0,1.40179860591888
1,108,0,0,50,17,0.64819997549057,1760,57,16,13.8070001602173,41170,0.581499993801117,14,16,9.5,1,-0.433556020259857
1,1738,0,0,45,12,5.38259983062744,1725,47,12,6.21740007400513,20130,0.661499977111816,0,0,7.5,1,1.68317151069641
1,1170,0,2,44,14,0.170900002121925,2080,46,13,4.23080015182495,9200,0.751500010490417,16,12,9.5,1,-1.76667666435242
1,15,0,2,57,12,23.4669990539551,2040,57,10,11.4700002670288,24751,0.661499977111816,7,7,11.0,1,3.15559506416321
1,2088,0,0,35,17,9.57849979400635,2940,42,17,12.2449998855591,57300,0.5,12,17,9.5,1,2.25952100753784
1,2490,0,0,46,12,3.69479990005493,2280,52,12,9.21049976348877,37200,0.581499993801117,7,7,7.5,1,1.30692636966705
1,135,2,1,30,14,2.2221999168396,2164,35,16,6.33090019226074,14000,0.721499979496002,10,12,14.0,1,0.798497676849365
1,1944,0,3,42,12,1.74899995326996,1999,44,12,7.80389976501465,20610,0.691500008106232,7,3,14.0,0,0.559044182300568
1,690,0,1,34,12,1.15939998626709,1824,36,13,7.67539978027344,14800,0.721499979496002,10,7,7.5,1,0.147902622818947
1,608,0,2,45,17,6.99009990692139,2182,47,16,15.5819997787476,40005,0.551500022411346,10,14,14.0,1,1.94449484348297
1,63,1,2,35,16,3.96830010414124,2385,37,16,9.64360046386719,23750,0.661499977111816,14,7,14.0,1,1.37833786010742
1,154,0,0,40,16,21.4290008544922,2460,44,17,12.8859996795654,35300,0.551500022411346,7,12,14.0,1,3.0647451877594
1,420,0,1,32,12,0.476200014352798,2595,35,16,6.55109977722168,17350,0.691500008106232,12,12,7.5,1,-0.741917312145233
1,651,0,0,54,9,2.15050005912781,2400,57,10,8.25,21650,0.661499977111816,7,7,7.5,1,0.765700399875641
1,675,0,3,38,12,1.85780000686646,3120,42,8,1.37919998168945,6740,0.791499972343445,7,7,14.0,0,0.619392991065979
1,1663,0,3,43,12,4.32950019836426,2850,42,12,5.26319980621338,32275,0.691500008106232,12,14,5.0,1,1.46545207500458
1,1680,0,0,54,16,8.9286003112793,760,60,12,10.5260000228882,33220,0.720000028610229,14,7,9.5,1,2.18925952911377
1,180,0,3,39,14,2.7778000831604,2500,37,17,10.0,26500,0.621500015258789,12,12,7.5,1,1.02165925502777
1,1581,0,1,37,12,2.65650010108948,2630,39,14,12.5480003356934,38700,0.521499991416931,7,12,5.0,1,0.977009475231171
1,1200,0,2,46,12,2.5,2597,48,8,4.62069988250732,15400,0.721499979496002,7,7,5.0,1,0.916290760040283
1,450,0,0,56,11,18.2670001983643,2760,60,11,1.85399997234344,19007,0.691500008106232,7,7,3.0,0,2.90509605407715
1,547,0,3,41,12,0.819000005722046,2070,44,8,7.42659997940063,16771,0.721499979496002,12,7,7.5,0,-0.199671193957329
1,300,0,1,45,16,2.0,2256,48,16,13.2980003356934,31100,0.581499993801117,16,7,11.0,1,0.6931471824646
1,975,0,1,44,17,15.3850002288818,1505,47,16,26.5779991149902,66300,0.5,3,3,7.5,1,2.73339295387268
1,1621,0,1,50,17,6.47749996185303,2364,52,17,13.9589996337891,43550,0.491499990224838,16,12,5.0,0,1.86833465099335
1,300,0,5,37,14,8.33329963684082,2895,38,14,13.1260004043579,37250,0.621500015258789,7,7,11.0,0,2.12025952339172
1,1868,0,1,44,12,4.55030012130737,2041,46,12,7.8882999420166,24900,0.661499977111816,16,7,14.0,0,1.51519322395325
1,1803,0,2,32,14,2.49580001831055,2195,34,17,8.6560001373291,24200,0.661499977111816,7,14,9.5,1,0.914609313011169
1,2143,1,1,34,12,4.47970008850098,1935,40,12,3.4109001159668,16200,0.721499979496002,10,10,14.0,0,1.49955606460571
1,1080,0,2,32,10,2.23239994049072,1950,35,10,4.62559986114502,11431,0.751500010490417,10,10,7.5,0,0.803077220916748
1,1352,0,3,37,12,2.07100009918213,2375,38,14,4.21049976348877,13200,0.751500010490417,10,10,11.0,0,0.728031635284424
1,537,0,1,44,13,1.67599999904633,1920,55,8,4.27080011367798,15420,0.771499991416931,10,10,9.0,1,0.516409993171692
1,352,0,2,34,16,3.40910005569458,3300,33,12,3.34240007400513,18400,0.691500008106232,12,12,14.0,0,1.22644829750061
1,200,1,3,33,12,2.5,3680,33,16,8.63589954376221,43500,0.491499990224838,10,3,5.0,1,0.916290760040283
1,2045,0,3,43,7,3.96090006828308,1968,43,12,6.7581000328064,21972,0.691500008106232,7,7,7.5,1,1.37647128105164
1,1253,0,2,35,16,6.22749996185303,2504,33,10,0.584299981594086,7774,0.771499991416931,16,16,11.0,0,1.8289749622345
1,1960,0,1,43,14,3.92860007286072,2000,45,14,5.33500003814697,24470,0.691500008106232,7,7,7.5,0,1.36828315258026
1,2000,0,0,34,12,2.90000009536743,1656,37,12,4.7101001739502,13600,0.721499979496002,7,7,7.5,0,1.06471073627472
1,1960,0,3,36,10,4.08160018920898,1968,39,7,4.97970008850098,22500,0.721499979496002,7,0,7.5,0,1.40648913383484
1,2000,0,2,41,12,2.84999990463257,2016,41,12,2.97620010375977,13600,0.721499979496002,7,7,14.0,0,1.04731893539429
1,1568,0,0,41,16,7.01529979705811,2602,44,17,12.7440004348755,90800,0.441500008106232,7,7,7.5,0,1.94809341430664
1,1225,0,3,35,10,2.93880009651184,1560,43,9,3.84619998931885,10776,0.751500010490417,10,10,7.5,0,1.07800137996674
1,780,1,3,32,12,1.92309999465942,1827,37,10,7.22329998016357,19007,0.751500010490417,10,7,5.0,1,0.653938472270966
1,480,0,0,30,14,6.875,2080,34,14,8.80770015716553,23900,0.661499977111816,12,12,14.0,1,1.92789161205292
1,1923,0,0,43,12,3.90019989013672,3390,47,12,5.38640022277832,26060,0.621500015258789,7,7,7.5,1,1.36102783679962
1,2000,0,0,54,6,2.0,2524,57,6,3.68460011482239,13300,0.721499979496002,7,7,7.5,0,0.6931471824646
1,2110,0,2,35,15,4.97629976272583,2777,34,12,1.84370005130768,15620,0.721499979496002,7,7,7.5,0,1.60468661785126
1,1664,0,0,50,12,1.20190000534058,3120,54,13,1.30130004882812,16500,0.721499979496002,7,7,7.5,0,0.183903649449348
1,48,1,1,34,17,22.5,2700,36,17,7.2221999168396,20880,0.691500008106232,14,16,5.0,1,3.11351537704468
1,1791,0,0,52,14,6.86770009994507,1904,57,12,7.35290002822876,30600,0.661499977111816,14,12,9.5,1,1.92682921886444
1,1404,0,3,35,13,3.56130003929138,2360,38,14,11.8640003204346,39000,0.621500015258789,7,10,9.0,1,1.2701256275177
1,1920,0,0,55,6,1.97920000553131,1960,58,8,5.3326997756958,15428,0.721499979496002,7,7,7.5,0,0.68269270658493
1,2141,0,0,35,16,5.3713002204895,2000,42,16,5.5,23300,0.661499977111816,7,7,7.5,0,1.68106997013092
1,1720,0,1,49,14,1.7441999912262,2600,45,16,7.23080015182495,42100,0.521499991416931,16,16,9.5,1,0.556295990943909
1,3533,2,2,38,15,5.09479999542236,2000,38,9,7.0,36430,0.639999985694885,12,7,9.5,1,1.62822043895721
1,2000,0,2,42,14,2.5,2218,45,14,7.21369981765747,26000,0.691500008106232,7,7,9.5,1,0.916290760040283
1,800,0,1,48,8,3.82500004768372,2000,52,5,4.5,62060,0.751500010490417,7,7,7.5,0,1.3415584564209
1,3000,0,0,51,14,1.0,2595,53,16,8.86320018768311,28300,0.621500015258789,12,12,9.5,1,0.0
1,293,0,2,43,12,3.07170009613037,2400,47,12,9.33329963684082,24149,0.661499977111816,12,10,7.5,1,1.12223124504089
1,1872,0,1,43,12,1.71630001068115,2856,48,12,3.82629990577698,28141,0.661499977111816,12,10,7.5,1,0.540170788764954
1,2058,0,1,38,12,4.02089977264404,2601,38,14,5.44479990005493,23057,0.661499977111816,10,10,7.5,1,1.3915057182312
1,1832,0,1,44,12,5.45849990844727,2054,48,9,8.76340007781982,28900,0.621500015258789,3,7,7.5,1,1.69717395305634
1,120,1,3,36,12,25.0,2500,35,12,8.39999961853027,24000,0.661499977111816,12,10,9.5,1,3.21887588500977
1,1632,0,0,38,12,2.38969993591309,1960,31,12,5.10200023651123,13900,0.721499979496002,12,12,7.5,0,0.871167778968811
1,778,0,0,47,8,3.21339988708496,2058,51,8,7.41009998321533,31810,0.691500008106232,12,12,5.0,1,1.16732954978943
1,1984,0,2,34,12,3.37700009346008,2410,49,10,5.35270023345947,19840,0.691500008106232,7,7,7.5,0,1.21698772907257
1,225,1,2,40,17,1.77779996395111,1278,38,17,19.5620002746582,25490,0.661499977111816,16,17,14.0,1,0.575376629829407
1,1960,0,1,31,12,3.16330003738403,2875,35,12,5.07829999923706,20800,0.691500008106232,12,12,7.5,0,1.15161573886871
1,444,0,0,46,12,2.70269989967346,2340,49,12,0.512799978256226,2400,0.801500022411346,10,16,7.5,1,0.994251251220703
1,384,0,3,36,14,1.69270002841949,3060,43,17,5.40199995040894,32650,0.581499993801117,10,10,14.0,1,0.526324927806854
1,1170,1,2,39,13,0.213699996471405,1920,47,12,7.86460018157959,16370,0.721499979496002,12,16,11.0,1,-1.5431821346283
1,1330,0,2,36,17,6.76690006256104,3390,38,12,6.05310010910034,35500,0.551500022411346,7,7,14.0,0,1.91204309463501
1,1350,0,4,37,8,1.74070000648499,2400,41,12,5.0,15100,0.751500010490417,7,7,3.0,0,0.554287314414978
1,480,0,4,39,12,2.5,1640,40,11,7.68289995193481,14100,0.751500010490417,7,9,3.0,0,0.916290760040283
1,1984,1,3,36,11,4.48589992523193,1656,38,8,6.03859996795654,19600,0.721499979496002,7,3,14.0,0,1.50093913078308
1,1944,0,2,49,12,2.57200002670288,1920,53,16,5.85099983215332,19434,0.721499979496002,7,7,5.0,1,0.944683790206909
1,50,1,1,45,12,3.46000003814697,1780,46,10,6.74160003662109,23882,0.721499979496002,7,7,9.5,1,1.24126863479614
1,460,2,0,32,17,4.78259992599487,1850,31,17,8.10809993743896,17300,0.721499979496002,7,7,7.5,0,1.56498432159424
1,680,0,5,36,10,2.31180000305176,3430,43,12,5.3060998916626,19772,0.721499979496002,7,7,7.5,0,0.838026463985443
1,2450,0,1,40,12,5.3060998916626,2008,40,8,7.27089977264404,35641,0.621500015258789,7,7,5.0,1,1.66885709762573
1,2144,0,2,43,13,5.86749982833862,2140,43,11,8.17759990692139,34220,0.581499993801117,7,7,7.5,1,1.7694286108017
1,1760,0,1,33,12,3.40910005569458,3380,34,12,7.10059976577759,30000,0.581499993801117,12,16,11.0,1,1.22644829750061
1,490,0,1,30,12,4.08160018920898,2430,33,11,6.58440017700195,18000,0.691500008106232,12,12,7.5,1,1.40648913383484
0,0,0,1,49,12,,2550,54,15,7.85290002822876,21025,0.661499977111816,14,12,7.5,1,
0,0,2,0,30,16,,1928,34,16,11.9289999008179,23600,0.661499977111816,14,7,9.5,1,
0,0,1,0,30,12,,1100,39,17,18.0,22800,0.661499977111816,12,12,7.5,0,
0,0,0,4,41,12,,3193,40,16,10.0220003128052,35910,0.581499993801117,7,7,7.5,1,
0,0,0,1,45,12,,2250,46,16,9.33329963684082,21700,0.661499977111816,7,7,5.0,1,
0,0,0,5,43,12,,2012,44,13,6.08500003814697,21823,0.751500010490417,7,7,7.5,1,
0,0,0,1,42,13,,3856,46,15,5.70539999008179,31000,0.661499977111816,10,7,11.0,1,
0,0,0,0,60,12,,1645,58,12,9.11849975585938,15300,0.721499979496002,7,7,7.5,1,
0,0,0,0,57,12,,1554,57,12,7.207200050354,12925,0.721499979496002,9,3,7.5,1,
0,0,0,2,38,10,,2352,41,8,5.31459999084473,15830,0.751500010490417,12,7,5.0,0,
0,0,0,0,56,12,,1980,58,12,8.28279972076416,30200,0.691500008106232,12,12,7.5,1,
0,0,0,3,32,12,,2352,37,7,7.05779981613159,16600,0.721499979496002,10,7,5.0,0,
0,0,0,1,49,7,,1784,58,6,6.16590023040771,11000,0.751500010490417,7,7,7.5,1,
0,0,0,0,55,12,,2500,58,12,2.70000004768372,15000,0.721499979496002,7,10,3.0,0,
0,0,1,1,36,9,,2088,39,14,7.66279983520508,20528,0.721499979496002,7,7,11.0,0,
0,0,0,3,44,12,,4640,50,12,1.84909999370575,13126,0.751500010490417,9,9,14.0,0,
0,0,0,1,44,10,,3900,60,12,3.84619998931885,15550,0.721499979496002,7,14,7.5,1,
0,0,1,2,35,14,,1988,34,17,9.05430030822754,18010,0.721499979496002,3,12,7.5,1,
0,0,2,3,44,14,,1920,45,10,9.375,18874,0.721499979496002,10,10,14.0,0,
0,0,0,1,45,12,,2400,45,12,8.33329963684082,24800,0.661499977111816,12,12,14.0,1,
0,0,1,0,34,12,,1867,38,12,9.37329959869385,17500,0.691500008106232,12,17,5.0,1,
0,0,2,0,30,17,,3570,32,17,4.4818000793457,16150,0.721499979496002,12,12,7.5,1,
0,0,0,1,39,8,,2805,44,12,5.34759998321533,15189,0.721499979496002,7,3,3.0,0,
0,0,0,2,36,12,,1110,39,15,3.20269989967346,6000,0.781499981880188,7,7,14.0,0,
0,0,0,2,38,17,,2695,42,16,12.8009996414185,37250,0.551500022411346,10,12,9.5,1,
0,0,0,0,53,12,,1950,54,16,6.91029977798462,27760,0.621500015258789,10,10,7.5,1,
0,0,0,2,36,12,,2128,42,12,4.22930002212524,9090,0.771499991416931,7,7,3.0,0,
0,0,1,1,32,12,,3260,31,12,4.44789981842041,14500,0.721499979496002,12,7,7.5,1,
0,0,0,3,51,9,,1987,51,12,8.05230045318604,19700,0.721499979496002,7,7,14.0,1,
0,0,0,0,38,11,,2185,46,11,7.50570011138916,16788,0.691500008106232,10,7,14.0,1,
0,0,2,0,33,12,,2475,36,12,7.47469997406006,18520,0.691500008106232,10,10,11.0,1,
0,0,0,0,54,12,,2610,53,12,6.32180023193359,20950,0.691500008106232,16,10,9.5,1,
0,0,0,3,38,9,,1920,44,12,2.13540005683899,7574,0.801500022411346,7,3,11.0,0,
0,0,2,2,30,11,,2352,31,14,4.20919990539551,10027,0.771499991416931,7,7,3.0,0,
0,0,2,3,34,12,,3160,30,12,0.759500026702881,5000,0.941500008106232,12,12,7.5,0,
0,0,0,1,34,9,,1040,37,13,4.80770015716553,7040,0.791499972343445,12,7,3.0,0,
0,0,0,2,50,12,,3120,49,12,12.7880001068115,40800,0.521499991416931,10,7,7.5,1,
0,0,2,0,30,17,,2240,30,16,7.14289999008179,16050,0.721499979496002,12,12,11.0,0,
0,0,0,2,38,12,,1980,42,16,15.1520004272461,33100,0.581499993801117,10,7,11.0,1,
0,0,0,0,54,14,,1960,58,14,7.90819978713989,33856,0.721499979496002,12,12,9.5,1,
0,0,1,2,30,12,,2940,31,17,6.97279977798462,20500,0.691500008106232,12,12,7.5,1,
0,0,0,0,55,12,,2467,56,11,4.91809988021851,28600,0.581499993801117,7,7,5.0,1,
0,0,0,1,51,10,,2256,56,12,8.31120014190674,18750,0.691500008106232,10,10,11.0,0,
0,0,0,1,44,12,,1680,46,12,7.14289999008179,20300,0.721499979496002,7,7,9.5,1,
0,0,0,0,53,12,,2250,55,12,5.68889999389648,13420,0.721499979496002,7,7,5.0,0,
0,0,0,2,42,10,,2400,49,9,7.08330011367798,18400,0.721499979496002,3,3,5.0,0,
0,0,0,2,38,12,,2196,42,11,5.69220018386841,16682,0.721499979496002,10,7,7.5,0,
0,0,1,3,38,13,,2400,40,12,11.3999996185303,32685,0.621500015258789,7,7,7.5,1,
0,0,1,4,41,12,,3825,41,11,1.41519999504089,7050,0.801500022411346,3,3,9.5,1,
0,0,0,3,35,8,,2860,44,9,2.75069999694824,10867,0.781499981880188,12,7,9.5,1,
0,0,1,2,33,12,,2750,34,12,6.61819982528687,18220,0.721499979496002,12,12,9.5,1,
0,0,0,0,48,13,,2103,50,16,9.27250003814697,26613,0.691500008106232,7,7,7.5,0,
0,0,0,0,47,12,,1880,51,12,12.2869997024536,25000,0.621500015258789,12,10,7.5,1,
0,0,0,5,34,12,,3185,41,13,2.85489988327026,15700,0.751500010490417,7,7,7.5,1,
0,0,2,1,33,13,,2677,37,17,7.97090005874634,40250,0.521499991416931,12,10,5.0,1,
0,0,3,1,31,13,,3600,36,17,19.4440002441406,73600,0.441500008106232,12,16,11.0,0,
0,0,0,0,58,8,,4334,58,8,1.4805999994278,10592,0.751500010490417,12,7,7.5,1,
0,0,0,0,49,12,,2874,52,8,1.8918000459671,8000,0.751500010490417,7,7,3.0,0,
0,0,0,1,55,8,,1936,56,9,6.92150020599365,13400,0.721499979496002,7,3,7.5,1,
0,0,0,0,44,14,,1964,49,8,10.6920003890991,23700,0.661499977111816,12,12,14.0,1,
0,0,0,0,44,9,,1900,48,8,9.94740009307861,18900,0.691500008106232,7,7,11.0,1,
0,0,0,3,36,16,,2500,37,17,19.0,48300,0.461499989032745,7,12,9.5,1,
0,0,0,3,38,12,,3173,46,14,7.48820018768311,24470,0.661499977111816,14,14,9.5,1,
0,0,0,3,37,16,,2916,38,17,9.25899982452393,28630,0.621500015258789,16,7,7.5,1,
0,0,0,0,47,12,,2208,51,12,11.3219995498657,25320,0.621500015258789,12,7,5.0,1,
0,0,0,3,47,12,,2094,47,10,6.44700002670288,13530,0.751500010490417,12,10,7.5,1,
0,0,1,1,32,12,,2250,33,12,6.57779979705811,14800,0.721499979496002,7,7,9.0,1,
0,0,1,2,43,12,,2000,46,12,6.09999990463257,17400,0.751500010490417,12,7,7.5,0,
0,0,1,4,42,11,,2600,48,10,4.23080015182495,15980,0.781499981880188,10,10,3.0,0,
0,0,0,0,56,12,,4368,57,8,2.21700000762939,16576,0.721499979496002,7,7,7.5,0,
0,0,0,5,38,13,,3068,40,16,6.51889991760254,21850,0.691500008106232,12,7,11.0,1,
0,0,0,2,52,12,,2218,51,11,6.49230003356934,14600,0.721499979496002,7,7,14.0,1,
0,0,0,0,50,12,,1848,56,12,11.3640003204346,21600,0.661499977111816,12,12,7.5,1,
0,0,0,0,33,16,,2430,33,17,9.87650012969971,24000,0.661499977111816,12,12,7.5,1,
0,0,0,2,44,16,,2640,44,17,7.65759992599487,20883,0.691500008106232,7,7,7.5,1,
0,0,0,1,41,12,,2108,42,16,8.3016996383667,19500,0.691500008106232,7,7,14.0,0,
0,0,0,1,45,12,,1998,45,12,14.1140003204346,42800,0.621500015258789,14,12,11.0,1,
0,0,0,0,53,14,,2500,55,16,16.0,41500,0.521499991416931,7,7,7.5,0,
0,0,0,0,53,14,,1665,56,17,11.2910003662109,18965,0.691500008106232,12,12,14.0,1,
0,0,0,1,42,12,,2990,46,12,2.33949995040894,16100,0.721499979496002,12,10,9.5,1,
0,0,2,0,32,13,,1795,35,16,7.79939985275269,14700,0.721499979496002,12,17,7.5,1,
0,0,0,0,56,12,,2500,53,12,6.0,18800,0.721499979496002,7,7,7.5,1,
0,0,1,3,37,11,,2205,40,11,6.68930006027222,14750,0.751500010490417,10,7,11.0,1,
0,0,1,2,40,12,,2460,42,14,8.53660011291504,21000,0.691500008106232,12,7,14.0,1,
0,0,0,3,54,15,,1880,55,16,13.8299999237061,35400,0.621500015258789,0,7,7.5,1,
0,0,0,0,53,7,,3481,53,9,1.48000001907349,10700,0.751500010490417,7,7,7.5,0,
0,0,0,1,48,12,,2450,51,12,8.5713996887207,24500,0.661499977111816,7,7,9.5,1,
0,0,1,2,36,12,,2062,38,14,8.22990036010742,17045,0.721499979496002,7,7,9.5,1,
0,0,0,0,57,12,,2146,52,14,8.38770008087158,18800,0.691500008106232,7,7,7.5,1,
0,0,0,0,51,12,,1575,49,7,7.36509990692139,14000,0.721499979496002,10,7,14.0,1,
0,0,0,4,33,13,,3096,37,12,3.44149994850159,18214,0.721499979496002,7,0,3.0,0,
0,0,0,0,52,12,,3280,49,11,3.35369992256165,20177,0.751500010490417,7,7,7.5,1,
0,0,0,0,56,10,,1680,60,8,2.97620010375977,8300,0.781499981880188,0,7,7.5,1,
0,0,1,2,36,12,,2625,38,11,5.18100023269653,14200,0.751500010490417,14,9,7.5,1,
0,0,1,0,36,14,,1846,50,16,10.2930002212524,21768,0.691500008106232,12,12,7.5,0,
0,0,0,1,46,12,,2178,47,10,13.2430000305176,29553,0.581499993801117,10,7,14.0,1,
0,0,0,3,31,10,,960,33,9,3.64580011367798,4350,0.941500008106232,7,7,7.5,0,
0,0,0,0,52,11,,2210,51,12,10.4069995880127,24000,0.661499977111816,7,7,11.0,1,
0,0,0,2,46,12,,2192,55,12,8.21170043945312,18300,0.691500008106232,7,7,7.5,1,
0,0,2,0,35,12,,1960,44,16,8.67350006103516,17200,0.721499979496002,7,3,7.5,1,
0,0,0,0,59,12,,1920,56,10,8.32079982757568,16476,0.691500008106232,7,7,14.0,0,
0,0,0,1,36,8,,2286,40,12,4.28700017929077,13400,0.751500010490417,0,0,14.0,0,
0,0,1,3,51,7,,2000,52,7,10.5,44988,0.521499991416931,3,3,14.0,0,
0,0,1,0,31,16,,2256,31,12,7.97870016098022,18200,0.691500008106232,12,12,9.0,1,
0,0,0,2,31,14,,2370,36,17,11.8140001296997,28000,0.621500015258789,12,12,14.0,1,
0,0,1,1,32,12,,1800,39,13,6.11110019683838,11550,0.751500010490417,12,12,7.5,1,
0,0,1,2,35,16,,2250,38,16,12.5780000686646,28450,0.621500015258789,12,7,14.0,1,
0,0,0,3,40,12,,1080,43,12,11.2440004348755,15096,0.751500010490417,7,10,7.5,1,
0,0,1,2,33,10,,2840,38,12,2.74079990386963,8009,0.781499981880188,7,7,14.0,0,
0,0,0,0,54,7,,2250,52,11,4.4443998336792,10040,0.751500010490417,0,0,3.0,1,
0,0,1,1,36,12,,2746,37,12,5.82670021057129,16700,0.721499979496002,12,12,7.5,1,
0,0,0,1,50,10,,2300,60,8,2.3478000164032,8400,0.781499981880188,12,7,3.0,0,
0,0,0,0,54,8,,2860,49,8,4.47550010681152,13000,0.721499979496002,0,0,3.0,0,
0,0,0,1,48,11,,1765,49,12,8.49860000610352,17970,0.721499979496002,7,7,7.5,1,
0,0,0,4,41,15,,2520,42,16,7.18249988555908,18450,0.721499979496002,14,17,5.0,0,
0,0,0,4,50,12,,2208,53,12,10.8699998855591,31000,0.661499977111816,12,7,14.0,1,
0,0,0,2,46,12,,2119,51,8,7.12220001220703,24135,0.721499979496002,10,7,7.5,1,
0,0,0,1,42,13,,2580,47,17,10.6591997146606,31700,0.581499993801117,12,12,7.5,0,
0,0,1,2,31,9,,1984,34,12,3.27620005607605,10190,0.791499972343445,3,3,14.0,0,
0,0,0,0,53,12,,1880,58,8,7.75209999084473,21574,0.721499979496002,10,10,14.0,0,
0,0,0,1,51,12,,2185,57,12,11.9449996948242,26680,0.621500015258789,3,3,7.5,1,
0,0,0,1,47,12,,2080,57,12,4.6153998374939,17700,0.751500010490417,7,9,11.0,1,
0,0,0,1,50,12,,1920,50,12,13.0209999084473,29400,0.621500015258789,12,12,14.0,1,
0,0,0,1,37,6,,3000,52,5,2.66669988632202,22159,0.751500010490417,7,7,7.5,0,
0,0,2,2,30,12,,2100,31,12,8.83329963684082,35000,0.581499993801117,12,12,11.0,0,
0,0,0,0,49,12,,1690,39,12,2.3668999671936,8630,0.791499972343445,16,16,5.0,1,
0,0,0,2,52,12,,2600,49,16,5.0,17080,0.751500010490417,7,0,14.0,1,
0,0,0,2,47,12,,1984,49,16,7.45970010757446,32500,0.721499979496002,10,7,14.0,1,
0,0,0,0,49,12,,2064,53,12,7.75190019607544,16000,0.721499979496002,7,7,11.0,1,
0,0,0,4,44,12,,2553,31,16,5.40539979934692,18850,0.751500010490417,12,10,14.0,1,
0,0,0,0,53,8,,2776,59,9,6.12389993667603,17500,0.691500008106232,9,9,9.5,1,
0,0,1,0,30,12,,2315,31,13,8.33689975738525,19392,0.691500008106232,7,12,14.0,0,
0,0,0,2,54,12,,1880,55,12,7.12769985198975,14450,0.721499979496002,7,10,7.5,1,
0,0,1,1,47,7,,2160,51,7,6.12039995193481,21800,0.691500008106232,0,0,7.5,1,
0,0,0,0,56,15,,900,56,12,3.1110999584198,7700,0.751500010490417,7,7,14.0,1,
0,0,0,1,49,12,,2467,52,16,12.16100025177,31800,0.581499993801117,7,7,11.0,0,
0,0,0,0,48,6,,1820,55,12,5.3846001625061,17258,0.751500010490417,7,7,9.5,1,
0,0,0,1,49,12,,2223,53,10,3.98379993438721,13399,0.751500010490417,10,12,9.5,0,
0,0,0,1,56,12,,2142,60,12,7.46969985961914,16073,0.721499979496002,12,16,11.0,0,
0,0,0,0,46,12,,1928,46,11,11.41100025177,23260,0.661499977111816,7,7,7.5,1,
0,0,0,2,45,12,,2783,49,17,12.9359998703003,37300,0.551500022411346,12,12,14.0,1,
0,0,0,2,32,12,,1960,35,12,5.6121997833252,11000,0.751500010490417,12,7,11.0,1,
0,0,1,1,43,12,,1920,41,12,6.80989980697632,13075,0.751500010490417,7,7,14.0,1,
0,0,1,1,34,12,,1587,39,12,8.50660037994385,13700,0.721499979496002,7,7,9.5,1,
0,0,1,1,30,12,,2496,51,10,5.50799989700317,25100,0.661499977111816,7,10,5.0,0,
0,0,2,0,38,17,,2280,39,12,7.22849988937378,18600,0.691500008106232,12,16,5.0,1,
0,0,1,1,33,16,,2750,36,17,9.45450019836426,29000,0.621500015258789,16,16,9.5,0,
0,0,0,0,52,12,,2115,55,12,8.98349952697754,19237,0.691500008106232,7,7,9.5,1,
0,0,0,3,43,11,,2590,45,12,5.98460006713867,19855,0.721499979496002,12,14,7.5,1,
0,0,1,1,33,12,,2372,34,12,3.96289992332458,9450,0.751500010490417,12,7,9.5,0,
0,0,0,0,45,10,,2295,48,12,7.05749988555908,30000,0.581499993801117,7,7,7.5,0,
0,0,2,1,36,10,,2096,38,12,7.1564998626709,15000,0.721499979496002,10,10,14.0,1,
0,0,1,1,34,12,,3315,39,17,4.0145001411438,24701,0.661499977111816,12,12,9.5,1,
0,0,0,2,37,14,,1777,50,16,3.88289999961853,15900,0.721499979496002,10,14,11.0,0,
0,0,0,1,46,10,,1880,51,12,7.97870016098022,16240,0.721499979496002,7,7,11.0,0,
0,0,0,0,47,12,,2184,55,10,5.03660011291504,21100,0.751500010490417,12,12,9.5,1,
0,0,2,1,31,16,,3250,32,16,7.07690000534058,23000,0.661499977111816,12,12,7.5,1,
0,0,0,0,57,5,,1520,58,5,3.61840009689331,6340,0.771499991416931,7,7,14.0,0,
0,0,1,1,30,12,,3119,30,13,13.4659996032715,42250,0.491499990224838,10,10,5.0,1,
0,0,0,0,30,12,,640,43,17,14.5310001373291,14694,0.721499979496002,12,10,11.0,1,
0,0,0,3,44,12,,2250,45,12,6.80000019073486,21417,0.721499979496002,12,12,9.5,1,
0,0,0,0,53,13,,3000,53,13,6.66669988632202,20200,0.661499977111816,7,12,7.5,1,
0,0,0,0,51,8,,2028,54,8,5.91720008850098,12090,0.721499979496002,7,7,9.5,1,
0,0,1,3,39,12,,2412,36,14,10.2399997711182,24760,0.661499977111816,12,7,5.0,1,
0,0,0,0,52,8,,2452,54,12,8.15659999847412,23000,0.691500008106232,7,3,3.0,0,
0,0,0,4,46,8,,2304,50,12,6.67749977111816,19365,0.721499979496002,3,3,11.0,1,
0,0,0,5,47,12,,3120,49,12,0.961499989032745,5550,0.941500008106232,7,7,3.0,0,
0,0,0,2,52,8,,1670,54,8,16.9069995880127,68035,0.441500008106232,7,3,7.5,1,
0,0,0,2,45,12,,2137,46,15,13.5699996948242,29300,0.621500015258789,10,14,7.5,1,
0,0,0,0,60,11,,2071,52,11,8.93290042877197,18500,0.691500008106232,7,7,7.5,1,
0,0,0,2,41,13,,1960,54,7,4.7371997833252,22582,0.721499979496002,17,7,11.0,0,
0,0,0,3,39,8,,2068,45,12,8.51060009002686,21500,0.721499979496002,7,7,7.5,1,
0,0,0,1,49,12,,2190,51,12,5.25110006332397,28070,0.751500010490417,7,7,7.5,0,
0,0,1,1,32,15,,2295,37,13,21.7859992980957,50300,0.441500008106232,12,12,14.0,1,
0,0,1,3,33,12,,2970,34,13,7.91249990463257,23500,0.661499977111816,12,12,14.0,1,
0,0,0,4,36,10,,2068,37,8,7.10830020904541,15500,0.751500010490417,7,9,14.0,0,
0,0,3,3,37,13,,2419,39,14,5.04339981079102,13440,0.771499991416931,7,0,5.0,0,
0,0,1,2,30,12,,2150,34,11,2.2441999912262,8100,0.781499981880188,12,12,11.0,0,
0,0,1,1,44,11,,1152,37,10,8.5068998336792,9800,0.751500010490417,7,12,9.5,1,
0,0,0,1,48,12,,2640,49,12,7.5757999420166,20300,0.691500008106232,7,12,5.0,1,
0,0,0,4,40,11,,2550,45,11,5.88240003585815,15000,0.751500010490417,7,7,14.0,1,
0,0,0,0,47,13,,1360,49,16,40.4410018920898,56100,0.441500008106232,9,9,5.0,1,
0,0,0,2,36,12,,2420,40,12,6.23390007019043,22846,0.721499979496002,12,7,5.0,1,
0,0,0,2,40,11,,2205,42,14,9.29710006713867,22225,0.691500008106232,7,12,5.0,1,
0,0,0,1,46,12,,3268,46,12,0.703800022602081,17635,0.941500008106232,12,7,7.5,1,
0,0,0,0,52,12,,3672,54,12,2.54250001907349,18500,0.691500008106232,3,12,7.5,0,
0,0,0,1,44,12,,1800,45,12,5.08330011367798,13390,0.751500010490417,12,12,11.0,0,
0,0,0,1,45,10,,1926,46,14,7.6842999458313,15150,0.721499979496002,7,7,7.5,1,
0,0,2,1,30,7,,1920,35,7,4.0625,16200,0.781499981880188,7,3,7.5,0,
0,0,1,3,40,12,,2080,44,12,6.51060009002686,33920,0.661499977111816,12,12,14.0,1,
0,0,0,1,43,12,,2856,43,12,2.95099997520447,14000,0.721499979496002,7,12,7.5,0,
0,0,0,2,49,12,,2115,53,10,5.67379999160767,16736,0.751500010490417,12,3,11.0,1,
0,0,1,4,46,12,,1880,48,12,12.7659997940063,30650,0.661499977111816,12,12,11.0,1,
0,0,0,0,52,11,,2000,52,12,6.0,12400,0.751500010490417,7,7,11.0,0,
0,0,1,1,31,12,,2044,33,15,9.29549980163574,19022,0.691500008106232,7,10,9.5,1,
0,0,1,1,42,10,,1677,47,11,5.13240003585815,11203,0.751500010490417,7,7,5.0,0,
0,0,0,3,33,11,,2184,38,8,9.06589984893799,19876,0.691500008106232,7,14,7.5,1,
0,0,0,0,57,16,,3185,57,13,11.9309997558594,57000,0.441500008106232,7,12,14.0,1,
0,0,0,0,49,10,,2680,51,10,6.71640014648438,18290,0.691500008106232,10,10,11.0,1,
0,0,0,1,45,14,,3615,47,14,4.5851001739502,20220,0.691500008106232,14,12,11.0,1,
0,0,0,0,56,11,,2139,56,12,9.25669956207275,22150,0.691500008106232,7,7,14.0,1,
0,0,1,3,41,12,,3080,43,12,8.56560039520264,30623,0.621500015258789,10,10,7.5,1,
0,0,0,0,56,5,,1261,53,6,6.74069976806641,9380,0.751500010490417,3,3,14.0,1,
0,0,0,1,48,10,,2227,48,10,9.87880039215088,22000,0.691500008106232,7,7,5.0,1,
0,0,0,2,52,16,,1920,53,16,9.375,23675,0.661499977111816,12,10,7.5,1,
0,0,0,0,51,12,,2350,55,12,6.27699995040894,33671,0.721499979496002,7,7,14.0,1,
0,0,0,3,35,11,,1785,39,10,6.42409992218018,12367,0.751500010490417,7,7,7.5,0,
0,0,0,0,45,12,,2598,51,12,8.37180042266846,21950,0.661499977111816,7,7,5.0,0,
0,0,0,0,54,12,,2455,58,17,12.2200002670288,32000,0.581499993801117,7,7,9.5,1,
0,0,0,2,54,12,,2450,54,13,3.56119990348816,22610,0.721499979496002,10,10,9.5,1,
0,0,1,0,31,12,,1218,32,8,8.86699962615967,12092,0.751500010490417,7,7,3.0,0,
0,0,0,3,53,6,,2040,54,4,1.85150003433228,3777,0.941500008106232,7,7,11.0,0,
0,0,2,2,35,14,,2600,34,14,8.07689952850342,36000,0.551500022411346,16,14,3.0,0,
0,0,1,3,36,12,,2450,40,16,8.97959995269775,26900,0.661499977111816,12,16,7.5,0,
0,0,0,0,59,12,,2717,60,12,6.66179990768433,32242,0.661499977111816,7,7,11.0,1,
0,0,0,0,54,16,,2701,54,17,11.1070003509521,35020,0.581499993801117,16,17,5.0,1,
0,0,1,1,37,12,,2600,47,17,14.0769996643066,37600,0.551500022411346,7,7,9.0,1,
0,0,0,0,44,12,,3640,54,10,0.412099987268448,1500,0.941500008106232,7,7,7.5,1,
0,0,1,2,34,17,,2940,40,16,23.8099994659424,96000,0.441500008106232,12,12,5.0,1,
0,0,0,0,49,12,,1880,50,12,9.57450008392334,18150,0.691500008106232,7,7,11.0,0,
0,0,0,0,49,12,,3500,51,12,1.92859995365143,15500,0.721499979496002,7,7,3.0,0,
0,0,0,0,60,9,,3320,60,8,2.57829999923706,14000,0.721499979496002,7,7,3.0,0,
0,0,0,0,51,12,,1605,55,12,7.2273998260498,14756,0.721499979496002,7,7,7.5,1,
0,0,1,1,30,12,,2500,30,14,8.80000019073486,22000,0.661499977111816,12,10,5.0,1,
0,0,0,2,47,12,,2400,49,9,7.75,24466,0.661499977111816,7,7,11.0,1,
0,0,0,4,36,12,,1634,45,17,14.6879997253418,24400,0.661499977111816,12,12,7.5,1,
0,0,1,3,35,12,,2260,38,12,10.4870004653931,24000,0.661499977111816,7,7,9.5,1,
0,0,0,0,58,12,,3478,53,12,4.02530002593994,15500,0.721499979496002,12,9,11.0,0,
0,0,1,3,41,14,,2550,42,16,11.7650003433228,30800,0.621500015258789,14,12,7.5,0,
0,0,0,1,51,10,,840,52,8,9.52379989624023,10660,0.751500010490417,7,7,14.0,1,
0,0,0,0,47,12,,1520,52,12,6.90789985656738,13350,0.721499979496002,7,7,11.0,0,
0,0,1,2,45,9,,1920,35,9,5.15100002288818,10090,0.751500010490417,12,3,11.0,0,
0,0,0,0,60,14,,2703,55,17,20.496000289917,55600,0.441500008106232,16,14,14.0,1,
0,0,1,1,30,16,,1896,46,16,13.5550003051758,25700,0.661499977111816,12,12,9.5,1,
0,0,0,0,55,11,,1960,57,13,14.7959995269775,29000,0.581499993801117,7,3,5.0,1,
0,0,1,2,32,12,,3060,50,8,1.69050002098083,7286,0.781499981880188,10,7,3.0,0,
0,0,0,2,36,12,,2805,38,12,7.22959995269775,37752,0.521499991416931,7,7,3.0,0,
0,0,0,0,55,12,,1944,53,7,4.11520004272461,13072,0.751500010490417,3,3,14.0,0,
0,0,0,0,47,12,,1960,47,12,2.99900007247925,7044,0.771499991416931,3,3,14.0,0,
0,0,0,1,47,12,,2112,52,8,8.0492000579834,18200,0.691500008106232,7,7,14.0,1,
0,0,0,1,37,11,,2544,39,12,8.57699966430664,27000,0.621500015258789,12,7,3.0,0,
0,0,0,2,50,12,,1700,53,17,9.32349967956543,30300,0.581499993801117,10,12,3.0,0,
0,0,0,3,30,12,,2550,31,12,4.70590019226074,12000,0.751500010490417,3,7,14.0,0,
0,0,0,1,48,17,,2080,45,17,9.13459968566895,31500,0.661499977111816,16,17,3.0,0,
0,0,0,2,43,10,,2060,49,12,7.76700019836426,27092,0.721499979496002,10,10,5.0,1,
0,0,1,0,48,11,,1955,46,8,4.12690019607544,20968,0.751500010490417,7,7,3.0,0,
0,0,1,2,41,14,,2500,44,17,10.0,27000,0.661499977111816,17,7,14.0,1,
0,0,0,0,50,12,,2750,52,10,4.07270002365112,11225,0.751500010490417,7,10,7.5,1,
0,0,0,0,58,8,,2040,59,5,7.85290002822876,37700,0.581499993801117,3,3,7.5,0,
0,0,0,5,38,13,,3275,43,15,7.81680011749268,28200,0.661499977111816,12,16,7.5,1,
0,0,0,1,37,12,,2400,39,12,9.16670036315918,34000,0.661499977111816,7,12,5.0,0,
0,0,0,0,50,16,,2024,51,17,29.6439990997314,63200,0.441500008106232,12,7,9.5,1,
0,0,0,4,42,8,,1840,44,6,4.07609987258911,7500,0.791499972343445,3,3,7.5,1,
0,0,1,3,37,9,,2033,37,17,8.36200046539307,17410,0.721499979496002,10,10,9.5,1,
0,0,0,2,41,16,,1946,40,17,12.0620002746582,51000,0.441500008106232,16,17,9.0,1,
0,0,0,2,31,12,,3660,31,12,2.32509994506836,12916,0.751500010490417,10,7,3.0,0,
0,0,0,0,51,12,,2088,55,11,10.0100002288818,21900,0.661499977111816,7,7,5.0,1,
0,0,1,2,36,12,,2048,41,12,5.2733998298645,17640,0.751500010490417,7,7,5.0,0,
0,0,0,0,54,15,,1920,52,15,10.4169998168945,20000,0.691500008106232,14,16,14.0,0,
0,0,0,0,49,12,,2000,54,12,7.5,15000,0.721499979496002,7,7,14.0,1,
0,0,1,1,48,9,,2204,47,8,6.35209989547729,14060,0.721499979496002,10,12,5.0,0,
0,0,0,2,42,9,,3157,45,10,3.80710005760193,15825,0.721499979496002,7,14,9.5,0,
0,0,1,2,41,12,,1665,44,14,9.90989971160889,16510,0.721499979496002,3,16,9.5,1,
0,0,0,0,55,16,,2304,56,11,2.67009997367859,13000,0.721499979496002,12,12,7.5,0,
0,0,0,0,42,9,,2275,46,8,4.39559984207153,10000,0.751500010490417,7,7,5.0,1,
0,0,0,1,32,15,,2760,33,17,7.97100019454956,22000,0.661499977111816,12,12,7.5,1,
0,0,0,2,43,12,,1750,44,14,15.4289999008179,29800,0.581499993801117,7,7,7.5,1,
0,0,1,3,33,12,,3366,37,13,1.98539996147156,15000,0.721499979496002,7,7,5.0,1,
0,0,0,1,48,15,,2205,51,16,7.25619983673096,22300,0.721499979496002,10,14,9.5,1,
0,0,0,2,43,12,,1990,48,9,7.03520011901855,14550,0.721499979496002,3,16,7.5,1,
0,0,1,3,47,17,,1930,57,16,8.13469982147217,19730,0.691500008106232,14,12,7.5,1,
0,0,0,0,54,12,,1350,60,12,11.9809999465942,35000,0.551500022411346,12,12,7.5,1,
0,0,0,1,51,12,,3340,52,12,5.99219989776611,21014,0.661499977111816,7,3,7.5,1,
0,0,0,1,51,10,,960,57,10,4.14580011367798,10876,0.751500010490417,14,7,7.5,0,
0,0,1,1,43,13,,2732,42,13,8.51019954681396,27850,0.621500015258789,12,10,7.5,0,
0,0,0,0,53,12,,1624,59,8,2.96309995651245,9560,0.751500010490417,0,3,3.0,0,
0,0,1,1,34,11,,1804,36,12,8.81490039825439,30300,0.621500015258789,7,7,7.5,0,
0,0,1,1,31,8,,2805,31,10,2.49550008773804,7720,0.781499981880188,7,7,7.5,0,
0,0,0,0,56,12,,2160,59,8,4.88430023193359,10550,0.751500010490417,10,7,7.5,1,
0,0,0,1,42,16,,2052,55,15,10.1999998092651,24106,0.661499977111816,12,7,9.5,1,
0,0,0,2,32,12,,2250,35,16,10.0,22995,0.661499977111816,12,14,9.5,1,
0,0,1,3,35,12,,1120,37,12,5.35710000991821,6000,0.801500022411346,12,12,9.5,1,
0,0,1,1,30,12,,2450,36,14,9.79590034484863,24350,0.661499977111816,14,14,9.5,1,
0,0,0,0,51,10,,3432,50,11,1.37409996986389,7608,0.771499991416931,7,7,7.5,0,
0,0,0,3,47,12,,2700,48,12,3.46300005912781,28200,0.721499979496002,7,7,3.0,0,
0,0,0,1,54,12,,2817,55,13,5.04080009460449,16150,0.721499979496002,3,7,3.0,0,
0,0,3,0,31,15,,3000,34,17,16.6669998168945,51200,0.441500008106232,7,10,7.5,1,
0,0,0,0,47,10,,2125,45,11,4.32940006256104,12646,0.751500010490417,7,7,5.0,1,
0,0,0,3,47,14,,1864,42,16,10.1929998397827,19000,0.691500008106232,7,7,11.0,1,
0,0,0,3,40,12,,2400,39,12,7.58330011367798,19000,0.721499979496002,7,7,7.5,1,
0,0,0,0,48,8,,2160,50,7,4.12039995193481,14400,0.751500010490417,3,3,7.5,0,
0,0,0,7,34,8,,1040,51,7,4.80770015716553,7232,0.941500008106232,3,7,11.0,1,
0,0,0,3,38,12,,2450,42,16,3.15310001373291,21943,0.751500010490417,7,10,9.5,1,
0,0,1,3,32,12,,2500,34,16,19.0,47500,0.461499989032745,7,10,7.5,1,
0,0,0,1,48,16,,2131,45,17,6.05350017547607,28900,0.621500015258789,12,7,7.5,1,
0,0,0,2,41,12,,2165,46,7,3.78749990463257,12400,0.771499991416931,7,7,7.5,0,
0,0,0,2,49,5,,2230,43,3,2.92869997024536,6531,0.781499981880188,0,0,7.5,0,
0,0,0,0,59,8,,1995,55,12,9.29720020294189,22422,0.691500008106232,3,7,11.0,1,
0,0,0,0,58,13,,2025,57,16,9.38269996643066,22200,0.661499977111816,7,7,11.0,1,
0,0,0,3,41,12,,2450,48,15,26.5310001373291,77000,0.441500008106232,7,14,14.0,1,
0,0,0,2,45,12,,2160,45,12,40.5089988708496,88000,0.441500008106232,10,10,14.0,1,
0,0,1,1,30,14,,1715,32,17,15.1599998474121,26040,0.621500015258789,12,10,11.0,0,
0,0,0,1,41,12,,3018,42,16,18.9640007019043,63500,0.441500008106232,7,7,7.5,1,
0,0,2,0,30,12,,2216,33,16,5.41520023345947,12100,0.751500010490417,10,10,7.5,0,
0,0,0,1,53,12,,2499,54,12,1.99880003929138,17505,0.751500010490417,12,7,7.5,1,
0,0,0,0,31,12,,2250,37,14,8.0,18000,0.691500008106232,10,7,7.5,0,
0,0,0,2,43,14,,2116,44,17,11.1529998779297,28069,0.661499977111816,12,12,11.0,1,
0,0,1,1,31,12,,2016,30,14,5.95240020751953,14000,0.751500010490417,12,14,14.0,1,
0,0,0,0,51,12,,2470,60,10,2.11940002441406,8117,0.751500010490417,10,3,7.5,1,
0,0,0,0,43,9,,1640,45,12,3.83839988708496,11895,0.771499991416931,7,7,5.0,1,
0,0,1,2,31,14,,2016,34,16,17.3610000610352,45250,0.491499990224838,16,16,5.0,1,
0,0,0,0,48,11,,2185,48,12,8.00920009613037,31106,0.691500008106232,7,10,9.5,1,
0,0,1,1,31,12,,800,33,14,3.0,4000,0.801500022411346,12,7,9.5,1,
0,0,0,1,44,12,,3022,46,12,10.58899974823,40500,0.581499993801117,7,7,7.5,1,
0,0,0,1,48,11,,1512,50,14,10.9130001068115,21620,0.721499979496002,10,7,7.5,1,
0,0,0,1,53,12,,2677,53,12,5.60330009460449,23426,0.721499979496002,0,0,7.5,1,
0,0,0,3,42,10,,3150,44,12,7.93650007247925,26000,0.661499977111816,3,3,11.0,1,
0,0,2,6,39,12,,1430,34,12,2.9475998878479,7840,0.941500008106232,7,0,9.5,1,
0,0,1,2,32,10,,3307,36,4,2.05620002746582,6800,0.791499972343445,7,3,7.5,0,
0,0,0,2,36,12,,3120,39,12,1.30130004882812,5330,0.791499972343445,7,12,14.0,0,
0,0,0,2,40,13,,3020,43,16,9.27149963378906,28200,0.621500015258789,10,10,9.5,1,
0,0,2,3,31,12,,2056,33,12,4.86380004882812,10000,0.771499991416931,12,12,7.5,0,
0,0,0,0,43,12,,2383,43,12,1.08980000019073,9952,0.751500010490417,10,3,7.5,0,
0,0,0,0,60,12,,1705,55,8,12.4399995803833,24984,0.621500015258789,12,12,14.0,1,
0,0,0,3,39,9,,3120,48,12,6.08970022201538,28363,0.691500008106232,7,7,11.0,1,
